,ItemID,WordID,Word,WordDef,SentenceID,Sentence,SentenceDef,UnitID
0,2236181,7432445,女優,【名词】女演员,1096561,彼女は中国でとても人気がある[女優]です。,她是在中国相当受欢迎的女演员。,1
1,1792138,7431610,数学,【名词】数学,1134459,[数学]の先生が休みました。,数学老师请假了。,1
2,1792139,7431938,専門,【名词】专门，专业,1133025,私の[専門]は日本語です。,我学的专业是日语。,1
3,1792141,7431367,営業課,【名词】营业科,1134461,[営業課]はどこですか。,营业科在哪儿？,1
4,1792142,7437598,市街,【名词】市内，市街，繁华街道,1133028,[市街]までだいたい３０分ぐらいです。,到市内大约三十分钟。,1
5,1792143,7494033,道路,【名词】道路，马路,1134462,ずいぶんまっすぐな[道路]ですね。,这条路很直呀！,1
6,1792144,7494034,交通量,【名词】交通流量，通行量,1134463,ここは北京で一番[交通量]が多い道路ですね。,这里是北京交通流量最多的道路。,1
7,1792145,7431370,空港,【名词】机场,1134464,[空港]へ迎えに行きます。,去机场迎接。,1
8,1792146,7431145,高速道路,【名词】高速公路,1133032,[高速道路]を利用します。,上高速公路。,1
9,1792147,7494035,部品工場,【名词】零件制造厂,1134465,あれは[部品工場]ですよ。,那个是零件制造厂哦！,1
10,1792148,7437548,エレベーター,【名词】电梯,1134466,[エレベーター]の前にいる人を知っていますか。,你认识在电梯前的那人吗？,2
11,1792149,7494036,絵本,【名词】图画书，连环画,1096550,これは子供が読む[絵本]です。,这是孩子读的图画书。,2
12,1792150,7494037,自然,【名词】大自然,1134467,[自然]が大好きです。,非常喜欢大自然。,2
13,1792151,7494038,給料,【名词】工资,1134468,[給料]が上がります。,加薪。,2
14,1792152,7494039,今夜,【名词】今天晚上,1134469,[今夜]ここに一泊しましょう。,今晚就在这住一宿吧！,2
15,1792153,7485446,けが,【名词】伤,1134470,[けが]が治りました。,伤痊愈了。,2
16,1792154,7494040,時差,【名词】时差,1134471,[時差]ぼけ,时差症,2
17,1792155,8871205,泊まる,【自动词・五段/一类】住宿。值宿。,10176518,あれは昨夜[泊まった]ホテルです。,那是昨天晚上住的宾馆。,2
18,1792156,7494042,結ぶ,【他动词・五段/一类】连接，系,1133041,これは空港と市街を[結ぶ]高速道路です。,这是连接机场和市中心的高速公路。,2
19,1792157,7494043,取る,【他动词・五段/一类】拿；取，执，握,1134472,できるだけ連絡を[取ろう]と思っています。,想尽可能与您取得联系。,2
20,2188952,7494044,生まれる,【自动词・一段/二类】出生，诞生,1134473,大発明が[うまれ]ます。,大发明诞生。,3
21,1792159,7431406,倒産,【名・自动词・サ变/三类】倒闭，破产,1134474,あの会社は[倒産]宣告をしました。,那个公司宣告破产了。,3
22,1792160,7437520,渋滞,【名・自动词・サ变/三类】堵车，停滞,1133045,このあたりはよく[渋滞]します。,这附近经常堵车。,3
23,1792161,7494045,チェック,【名・他动词・サ变/三类】确认,1134475,彼は全ての料理を[チェック]しました。,他检查了所有的菜品。,3
24,1792162,7437569,豊か,【形容动词/ナ形容词】充裕，丰富,1096611,彼女は[豊か]な暮らしをしている。,她过着条件优越的生活。,3
25,1792163,7431473,大きな,【连体词】大的,1156578,海に[大きな]島があります。,海上有一个大岛。,3
26,1792164,7431639,小さな,【连体词】小的,1096567,[小さな]子供からのお願い。,来自小孩子的请求。,3
27,1792165,6307630,別に,【副词】分开，另。（他に）。,809102,これについては、[別に]定める。,关于这点另行规定。,3
28,1792166,7431904,大雨,【名词】大雨,1135614,[大雨]が降り出しました。,下起了大雨。,3
29,1792167,7431260,桜,【名词】樱花,1133052,[桜]はきれいです。,樱花很漂亮。,3
30,2236182,7428528,習慣,【名词】习惯,1134483,日本には握手の[習慣]がないんですか。,在日本没有握手的习惯吗？,4
31,1792168,7430783,風,【名词】风,1133053,[風]が強いです。,风很大。,4
32,1792169,7432358,月,【名词】月亮,1133054,今夜の[月]はきれいですね。,今晚的月亮真漂亮啊！,4
33,1792170,7494047,表,【名词】表，表格,1134482,[表]でまとめました。,用表格进行了归纳。,4
34,1792171,7494048,握手,【名词】握手,1133056,[握手]をして、仲直りをします。,握手言和。,4
35,1792173,7494049,お辞儀,【名词】鞠躬,1133058,[お辞儀]をします。,鞠躬。,4
36,1792174,7437691,挨拶,"【名・自动词・サ变/三类】寒暄,打招呼,问好",1136871,改札口で[挨拶]します。,在检票口打招呼。,4
37,1792175,7494051,お客さん,【名词】顾客，客人,1133060,香港から[お客さん]が来るので、空港へ迎えに行きます。,有从香港来的客人，所以去机场迎接。,4
38,1792176,7494052,普通,【名词】一般，普通,1133061,中国では握手するのが[普通]なんですか。,在中国，握手是很普通的吗？,4
39,1792177,7437685,次,【名词】下回,1133062,[次]は握手するのを忘れないでくださいね。,下次不要忘记握手了哦！,4
40,1792178,7437646,スーパー,【名词】超市,1133063,[スーパー]でバイトをします。,在超市打工。,5
41,1792179,7437682,料金,【名词】费用,1133064,[料金]が半額ですか。,费用是半价吗？,5
42,1792180,7430644,会費,【名词】会费,1133065,送別会の[会費]は百元です。,送行会的会费是一百元。,5
43,1792181,7432151,バーゲン,【名词】降价出售,1134484,昨日[バーゲン]に行きました。,昨天去了减价卖场。,5
44,1792182,7431492,クレジットカード,【名词】信用卡,1133067,[クレジットカード]を利用します。,用信用卡。,5
45,1792183,7494053,色鉛筆,【名词】彩色铅笔,1133068,[色鉛筆]でスケッチをします。,用彩色铅笔写生。,5
46,1792184,7428346,豊作,【名词】丰收,1093057,ここは最近十年間ずっと[豊作]ですよ。,这地方最近十年一直都是大丰收。,5
47,1792185,7494054,仲,【名词】关系，友情，友谊,1133069,二人の[仲]がいいです。,两个人关系很好呢！,5
48,1792186,7494055,忘れ物,【名词】忘记的东西，遗忘的物品,1134485,[忘れ物]をしないでください。,不要忘东西。,5
49,1792187,7494056,防ぐ,【他动词・五段/一类】防御，防备，防守,1995487,風雨を[防ぐ]ものは何もなかった。 ,没有什么能挡住风雨的。,5
50,2236183,7521132,優勝,【名・自动词・サ变/三类】优胜,1160327,カラオケ大会で[優勝]した。,在卡拉ＯＫ比赛中获得了优胜。,6
51,1792188,7494057,回る,【自动词・五段/一类】走访；转；绕弯,1134486,これから４社ぐらい[回り]ます。,接下来要走访大约四家公司。,6
52,1792189,7494058,走る,【自动词・五段/一类】跑，奔跑,10007617,朝早く[走る]のは気持ちがいいです。,早上起来跑步感觉很舒服。,6
53,1792190,7437669,吹く,【自他・五段/一类】吹,1133074,風が[吹く]。,风吹。,6
54,1792191,7494059,挙げる,【他动词・一段/二类】举，举起,1096816,発言する前に手を[挙げる]のが普通です。,一般在发言之前要举手。,6
55,1792192,7558332,足りる,【自动词・一段/二类】足以,1184964,信頼するに[足りる]。,足以信赖。,6
56,1792194,7494062,発言,【名・他动词・サ变/三类】发言,1134488,彼の[発言]に賛成しました。,赞同他的发言。,6
57,1792197,7494064,合格,【自动词・サ变/三类】及格，合格,1134489,先輩は留学試験に[合格]しました。,前辈通过了留学考试。,6
58,1792198,7437657,約束,【名・他动词・サ变/三类】约定,1102939,[約束]を守る。,遵守约定。,6
59,2237032,7504626,ほとんど,【名词・副词】险些，差一点就,1145921,[ほとんど]死ぬところだった。,险些送了性命。,7
60,1792199,7452474,もしかしたら,【副词】也许,1134491,[もしかしたら]、今日は来ないかもしれません。,也许今天不会来了吧。,7
61,1792200,7494065,つい,【副词】不知不觉地，无意中,1133082,[つい]握手するのを忘れます。,无意中就忘记握手了。,7
62,1792201,7494066,すぐに,【副词】就要，立刻，马上,1134492,[すぐに]流行になります。,马上就流行了。,7
63,1792203,7432071,それで,【接续词】因此,1096660,今日からデパートは新春セールです。[それで]、朝からお客さんがたくさんいました。,从今天开始百货公司开始新春特卖。因此从早上开始就有很多客人。,7
64,1792204,7437810,経済,【名词】经济,1134495,日本の[経済]について勉強しました。,学习了有关日本经济的内容。,7
65,1792205,7452501,国際関係学,【名词】国际关系学,1133087,[国際関係学]を専攻にします。,选择国际关系学专业。,7
66,1792206,7494068,大勢,【名词】许多，众多,1133088,[大勢]の人が集まっているのを見ました。,看到很多人聚在一起。,7
67,1792207,7428195,高校,【名词】高中,1134496,[高校]三年間はバスで登校しました。,高中三年都是坐公交车去学校的。,7
68,1792208,7431291,日記,【名词】日记,1133090,[日記]を書く習慣がありません。,没有写日记的习惯。,7
69,1792209,7437818,教師,【名词】教师,1134497,アルバイトで家庭[教師]をしています。,业余当家教。,8
70,1792210,7437789,お年寄り,【名词】老年人,1134498,[お年寄り]が多かったでしょう。,有很多老年人吧。,8
71,1792211,7456458,体操,【名词】体操,10007618,中国の[体操]選手がオリンピックで優勝した。,中国体操选手在奥运会上夺冠。,8
72,1792212,7437768,社交ダンス,【名词】交际舞,1133094,[社交ダンス]をしている人もいるでしょう。,也有跳交际舞的人吧！,8
73,1792213,7431339,卓球,【名词】乒乓球,1134500,子供たちがよく[卓球]をしています。,孩子们经常打乒乓。,8
74,1792214,7431265,バスケットボール,【名词】篮球,1134501,[バスケットボール]が大好きです。,很喜欢打篮球。,8
75,1792215,7494069,スポーツセンター,【名词】体育中心,1133097,ここから３００メートルほど行くと、[スポーツセンター]があります。,这里往前走三百米左右有一个体育中心。,8
76,1792216,7494070,入園料,【名词】门票，入园费,1134502,お年寄りも[入園料]を払いますか。,老年人也要付入园费吗？,8
77,1792217,7431001,有料,【名词】收费,1133099,[有料]の公園が多いですね。,有很多收费公园呢！,8
78,1792218,7494071,賞,【名词】奖,1134503,新人[賞]をもらいました。,获了新人奖。,8
79,1792219,7432492,曲,【名词】乐曲，歌曲,1133101,どんな[曲]が好きですか。,你喜欢什么样的歌呢？,9
80,1792220,7494072,詩,【名词】诗歌,1134504,この[詩]を味わうには、細かい心が必要です。,品味这首诗需要一颗纤细的心。,9
81,1792221,7437783,信号,【名词】信号，红绿灯,1134505,事故が多い交差点に[信号]をつけます。,在事故多发的十字路口处设红绿灯。,9
82,1792222,7452496,はさみ,【名词】剪刀,1134506,[はさみ]はどこですか。,剪刀在哪里？,9
83,1792223,7494073,部品,【名词】零部件,1134507,あれは自動車の[部品]工場です。,那个是汽车零件制造厂。,9
84,1792224,7517451,アルバイト,【名・自动词・サ变/三类】勤工俭学、打工,10007619,葉子さんは[アルバイト]をしながら学校に通っているんです。,叶子一边打工一边上学。,9
85,1792225,7494075,スピーチ,【名词】演说，演讲,1133107,李さんは結婚式で[スピーチ]をしました。,李先生在婚礼上作了讲话。,9
86,1792226,7437815,グラフ,【名词】图表,1134509,[グラフ]で表すと、結果は分かりやすいです。,用图表来表示的话，结果就简明易懂。,9
87,1792227,7494076,企画,【名词】策划，计划,1134510,まだ[企画]案が届いていないそうです。,据说企划书还没有送到。,9
88,1792228,7432317,説明,【名・他动词・サ变/三类】说明,1134511,彼の[説明]が分かりやすいです。,他的解释很容易懂。,9
89,1792229,7431141,ご飯,【名词】饭,1133111,朝[ご飯]は毎日きちんと食べますか。,每天都有好好吃早饭吗？,10
90,1792230,7454671,砂糖,【名词】砂糖,1134512,[砂糖]が水に溶けます。,砂糖溶于水中。,10
91,1792231,7431402,海外旅行,【名词】海外旅行,1134513,フェリーで[海外旅行]へ行きましょう。,乘渡轮去海外旅行吧！,10
92,1792232,7437808,こと,【名词】事情,1133114,これから４社ぐらい回る[こと]ができます。,一会儿可以走访大约四家公司。,10
93,1792233,7494078,おじいさん,【代词】爷爷；老大爷,1133115,[おじいさん]からもらった腕時計が壊れてしまいました。,祖父送的手表坏了。,10
94,1792234,7484862,おばあさん,【名词】（尊称）奶奶、外婆；（对老年妇女亲切的称呼）老奶奶,1125370,[おばあさん]はお元気ですか。,您奶奶身体好吗？,10
95,1792235,7437826,姉,【代词】姐姐,1134514,[姉]は試験に落ちました。,姐姐没考上。,10
96,1792236,7437821,通う,【自动词・五段/一类】上下学，上下班,1133118,工場へ[通う]道,到工厂上下班的路,10
97,1792237,7494080,集まる,【自动词・五段/一类】聚，集合,1134515,人がたくさん[集まり]ます。,聚集许多人。,10
98,1792238,7426319,踊る,【自动词・五段/一类】跳舞,1152803,昨晩はずっと[踊って]いました。,昨晚一直在跳舞。,10
99,1792239,7437739,要る,【自动词・五段/一类】要,1134516,旅行するのでお金が[要り]ます。,因为要去旅行，所以需要钱。,11
100,1792240,7494081,困る,【自动词・五段/一类】为难，难办,975035,それは[困り]ますね。,这很让人为难啊。,11
101,1792241,7494082,叩く,【他动词・五段/一类】拍，敲，打,1133123,戸を軽く[叩き]ます。,轻轻敲门。,11
102,1792242,7494083,入れる,【他动词・一段/二类】放入，放进,1134518,財布をかばんの中に[入れ]ます。,把钱包放进包里。,11
103,1792243,7431111,看病,【名・他动词・サ变/三类】护理,1133125,彼女は父を[看病]しました。,她照看生病的父亲。,11
104,1792244,7494084,喧嘩,【名・自动词・サ变/三类】吵架，打架,1133126,[喧嘩]をするのは、２人とも悪いです。,打架两个人都是不对的。,11
105,1792245,7456634,利用,【名・他动词・サ变/三类】利用，使用。,1133127,毎日[利用]する人に割引があります。,对于每天都使用的人会有折扣。,11
106,1792246,7494085,相談,【名・他动词・サ变/三类】商谈,1133128,困ったら、どうぞ遠慮せずに[相談]してください。,如果有什么困难，不要见外，（跟我）商量。,11
107,1792247,7494086,ほかに,【副词】另外,1134520,[ほかに]、踊りながら歌を歌っている人もいました。,另外，还有边跳舞边唱歌的人。,11
108,1792248,10182347,しばらく,【副词】许久、好久、片刻,10130241,この状態が[しばらく]持続するでしょう。,这种状态还会继续下去吧。,11
109,1792249,7437889,マフラー,【名词】围巾,1134522,すてきな[マフラー]ですね。,漂亮的围巾。,12
110,1792250,7430785,ネックレス,【名词】项链,1134523,[ネックレス]をつけます。,佩戴项链。,12
111,1792251,7430617,家具,【名词】家具,1097083,注文した[家具]を届ける。,送去预定的家具。,12
112,1792252,7432168,文章,【名词】文章,1134524,この[文章]の意味が分からないんです。,不明白这篇文章的意思。,12
113,1792253,7494088,意味,【名词】意思,1134525,この単語の[意味]が分かりますか。,你知道这个单词的意思吗？,12
114,1792254,7494089,発音,【名词】发音,1133136,彼の[発音]はきれいです。,他发音很好。,12
115,1792255,7494090,不動産屋,【名词】房产公司,1133137,陳さんに[不動産屋]さんを紹介してもらいました。,小陈给我介绍了房地产公司。,12
116,1792256,7494091,飲食店,【名词】饮食店,1133138,[飲食店]で食事をします。,在饭店吃饭。,12
117,1792257,7431916,大使館,【名词】大使馆,1134527,[大使館]から電話があります。,大使馆打来电话。,12
118,1792258,7494092,新居,【名词】新居,1134528,[新居]が駅の辺りだから、とても便利です。,新家在车站附近，所以很方便。,12
119,2237030,7458743,支社長,【名词】分公司经理,1134530,[支社長]、引っ越し先が決まりました。,分公司经理，新搬的地点定了。,13
120,1792259,7494093,引っ越し,【名词】搬家,1137901,森さんは明日[引っ越し]ですね。,小森明天搬家呢！,13
121,1792260,7494094,近所,【名词】附近,1134529,今度、[近所]を案内してあげますよ。,下次陪你参观一下附近。,13
122,1792261,7430755,孫,【名词】孙子，孙女,1133142,[孫]から新聞を読んでもらいます。,孙子念报纸给（长辈）听。,13
123,1792262,7494095,係,【名词】工作人员，主管人员,1133143,会計の[係]をする。,担任会计工作。,13
124,1792264,7428049,就職,【名・自动词・サ变/三类】就业,1133145,[就職]活動に頑張ります。,努力找工作。,13
125,1792265,7430796,インターネット,【名词】【英】Internet；互联网,1095649,[インターネット]で、たくさんの本を買います。,在网上买很多书。,13
126,1792266,7495692,拾う,【他动词・五段/一类】捡，拾,10007808,ゴミを[拾い]ます。,捡垃圾。,13
127,1792267,7494097,訳す,【他动词・五段/一类】翻译,1177819,日本語を中国語に[訳す]。,把日语翻译成中文。,13
128,1792268,7494098,くれる,【他动词・一段/二类】给,1134532,森さんはお弁当を[くれ]ました。,森先生给了我便当。,13
129,1792269,7494099,届ける,【他动词・一段/二类】送到，送去,1133149,家まで注文品をすぐ[届け]ます。,将订购物品马上送到家里。,14
130,1792270,7455677,案内,【名・他动词・サ变/三类】引导，导游，陪同游览；指南；邀请，通知，介绍,1097093,公園の中を[案内]する。,陪同游览公园。,14
131,1792271,7494101,交換,【名・他动词・サ变/三类】换，交换,1133151,名刺を[交換]します。,交换名片。,14
132,1792272,7431955,紹介,【名・他动词・サ变/三类】介绍,1133152,陳さんに不動産屋さんを[紹介]してもらいました。,小陈给我介绍了房地产公司。,14
133,1792273,7494102,素敵,【形容动词/ナ形容词】漂亮，极好,1133153,本当に[素敵]ですよね。,真是极好呀。,14
134,1792274,7494103,得意,【形容动词/ナ形容词】擅长,1134535,英語が[得意]です。,擅长英语。,14
135,1792275,7437885,新鮮,【形容动词/ナ形容词】新鲜,1134536,[新鮮]な材料で料理を作ります。,用新鲜食材做菜。,14
136,1792276,7494104,うまく,【副词】高明地，很好地,1133156,なかなか[うまく]できないんです。,总是不顺利。,14
137,1792277,7456805,それに,【接续词】而且；尽管那样，可是,10007620,熱があるし、[それに]咳も出る。,不仅发烧而且咳嗽。,14
138,1792278,7494105,質問,【名・自动词・サ变/三类】提问，问题,1133158,次の文章を読んで、[質問]に答えなさい。,读下文，回答问题。,14
139,1792279,7494106,場合,【名词】场合，情况,1134537,この[場合]は、欠席届を出してください。,这种情况下，要交请假单。,15
140,1792280,7494107,迷惑,【名词】麻烦,1133160,みんなに[迷惑]をかけました。,给大家添麻烦了。,15
141,1792281,7494108,藤,【名词】紫藤,1133161,[藤]は紫色のお花です。,紫藤是一种紫色的花。,15
142,1792282,7494109,カササギ,【名词】喜鹊,1133162,[カササギ]は鳥の一種です。,喜鹊是一种鸟。,15
143,1792283,7430927,鳥,【名词】鸟,1134538,陳さんは飼っていた[鳥]に逃げられました。,小陈养的一只鸟逃走了。,15
144,1792284,7494110,マーク,【名词】符号,1134539,この[マーク]は「タバコを吸うな」という意味です。,这个标志是“禁止吸烟”的意思。,15
145,1792285,7494111,標識,【名词】标记,1133165,赤い[標識]をつけた飛行機に乗りました。,乘坐了涂有红色标志的飞机。,15
146,1792286,7437929,横断禁止,【名词】禁止横穿,1134540,[横断禁止]というのは道を渡ってはいけないという意味です。,“横断禁止”就是禁止横穿马路的意思。,15
147,1792287,7432526,スピード,【名词】速度,1134541,[スピード]を落とします。,减速。,15
148,1792288,7432388,免許証,【名词】许可证，执照,1134542,車を買っても、[免許証]がなかったら、運転できません。,即使买了车，如果没有驾照的话，还是不能开车的。,15
149,1792289,7431824,企画書,【名词】计划书,1133167,[企画書]を提出します。,交企划书。,16
150,1792290,7494112,野球場,【名词】棒球场,1134543,[野球場]で好きなチームを応援します。,在棒球场给喜欢的队伍加油。,16
151,1792291,7494113,テーブル,【名词】桌子,1134544,[テーブル]の上に花があります。,桌子上有花。,16
152,1792292,7431666,テレビ講座,【名词】电视讲座,1134545,[テレビ講座]で英語を勉強しています。,跟着电视讲座学英语。,16
153,1792293,7432224,漢字,【名词】汉字,919441,日本語には[漢字]と仮名があります。,日语中有汉字和假名。,16
154,1792294,7431969,戦争,【名词】战争,1133172,[戦争]に反対します。,反对战争。,16
155,1792295,7432415,警官,【名词】警察,1134546,空港の入り口に[警官]が立っています。,在机场的入口处站着警官。,16
156,1792296,7494114,年上,【名词】年长者,10121561,自分より[年上]の人に「歌いなさい。」と言うのは失礼ですよ。,对比自己年长的人说“给我唱。”是不礼貌的。,16
157,1792297,7437937,止まる,【自动词・五段/一类】停，停住,1134548,車が駐車場に[止まる]。,把车停在停车场。,16
158,1792298,6299096,変わる,【自动词・五段/一类】改变地点，迁居，迁移。（場所、住所などが移る。移転する）。,870935,住所が[変わった]のでお知らせします。,因为迁居特此通知。,16
159,1987289,7497209,謝る,【自动词・五段/一类】道歉，认错,1135788,相手に[謝り]ます。,向对方赔罪。,17
160,2258456,8859147,破る,【他动词・五段/一类】破坏。违反。打破。,1975655,法律を[破る]。,违反法律。犯法。,17
161,2259167,10191956,守る,【他动词・五段/一类】守卫，保卫，防守，保护。,10183257,お客様の安全を[守る]保安要員でもあるからだ。,因为你们是保障乘客人员人身安全的重要安保人员。,17
162,1792299,10197509,頑張る,【自动词・五段/一类】加油、努力、顽强拼搏,10144546,まあ、やるからにはそういうところを目指して[頑張り]たいな。,怎么说呢，既然要做，还是希望以那种地方为目标来努力。,17
163,1792301,7494117,サボる,【他动词・五段/一类】逃学，怠工,1133179,仕事を[サボり]ます。,上班偷懒。,17
164,1792303,7494119,引く,【自他・五段/一类】拉，抽,1133181,車を[引き]ます。,拉车。,17
165,1792305,7430929,答える,【自动词・一段/二类】回答,775646,質問に[答える]。,回答提问。,17
166,1792306,7494122,逃げる,【自动词・一段/二类】逃跑,1134553,犯人が[逃げ]ます。,犯人潜逃。,17
167,1792307,7494123,助ける,【他动词・一段/二类】救助，帮助,1133185,大いに[助け]ます。,大有帮助。,17
168,1792308,7494124,付ける,【他动词・一段/二类】添加，附加,1133186,点数を[付け]ます。,评分。,17
169,2231003,7485423,輸出,【名・他动词・サ变/三类】输出，出口,1134952,コンピューターを[輸出]します。,出口电子计算机。,18
170,2259168,7494127,遠慮,【名・他动词・サ变/三类】客气,1157066,[遠慮]なくいただきます。,那我就不客气开始吃了。,18
171,1792309,7494125,覚える,【他动词・一段/二类】记住，掌握,1133187,単語を[覚え]ます。,背单词。,18
172,1792312,7494128,シュート,【名・他动词・サ变/三类】（足球）射门，投篮,1134556,ボールを[シュート]します。,运球射门。,18
173,1792313,7494129,注意,【名・自动词・サ变/三类】注意,1134557,十分[注意]してください。,请多加小心。,18
174,1792314,7494130,親しい,【形容词/イ形容词】熟悉，亲切，亲密,1133192,これは[親しい]人に使うんですね。,这是对亲密的人使用的。,18
175,1792315,7494131,乱暴,【名・形容动词/ナ形容词・自动词・サ变/三类】粗暴,1101912,[乱暴]な言葉づかいをやめてください。,请不要说话那么粗鲁。,18
176,1792316,7494132,失礼,【名・形容动词/ナ形容词・自动词・サ变/三类】不礼貌,1134559,[失礼]な人,没礼貌的人,18
177,1792317,7448915,同じ,【形容动词/ナ形容词】一样，相同,1133194,名前が[同じ]ですね。,是同名的呢！,18
178,1792318,7494133,危険,【形容动词/ナ形容词】危险,1134560,[危険]な時,危险时刻,18
179,1792319,7494134,そんな,【连体词】那样的,1133196,[そんな]はずはありません。,那不可能。,19
180,1792320,7494135,丁寧に,【副词】恭敬地；细心地,1134561,[丁寧に]言う暇がありません。,没空恭敬地说话。,19
181,1792321,7431946,宅配便,【名词】送货上门服务,1134562,荷物が重いので、[宅配便]で送ります。,因为行李很重，所以让送货上门。,19
182,1792322,7431640,報告書,【名词】报告书,1134563,部長は[報告書]を読んでいます。,部长正在看报告。,19
183,1792323,7494136,梅雨,【名词】梅雨,1133200,いよいよ[梅雨]に入ります。,马上就要进入梅雨季节了。,19
184,1792324,7494137,秋,【名词】秋天，秋季,1134564,[秋]の山も美しいですよ。,秋天的山峦也很美哦。,19
185,1792325,10184633,ピクニック,【名词】【英】picnic；郊游野餐,10133782,みんなで[ピクニック]に行こうと思っています。,想大家一起去郊游。,19
186,1792326,7430677,行楽地,【名词】景点，浏览地,1133203,どの[行楽地]も人でいっぱいです。,无论哪个景点都有很多人。,19
187,1792327,7494139,ピザ,【名词】比萨饼,1134565,[ピザ]を作ります。,做披萨。,19
188,1792328,7430530,終電,【名词】末班电车,1133205,もう[終電]の時間です。,已经是末班电车的时间了。,19
189,1983729,7497744,開く,【自他・五段/一类】（合拢、闭合的东西）打开；开门营业；打开（合拢、闭合的东西）；举办（会议）,1136408,本が[開き]ます。,书打开了。,20
190,1792329,7494140,待合室,【名词】候诊室，等候室,1096666,病院の[待合室]は患者でいっぱいです。,医院的候诊室里挤满了病人。,20
191,1792330,7431464,患者,【名词】病人，患者,1133206,病院に[患者]さんがいっぱいいます。,医院有很多病人。,20
192,1792331,7431683,灰皿,【名词】烟灰缸,1133207,彼は[灰皿]を持っています。,他拿着烟灰缸。,20
193,1792332,7437593,吸殻,【名词】烟头,10007623,灰皿がタバコの[吸殻]でいっぱいです。,烟灰缸里都是烟头。,20
194,1792333,7430960,歯,【名词】牙齿,1133209,[歯]が生える。,长牙。,20
195,1792334,7452483,彼,【代词】他,1125892,[彼]は僕の弟です。,他是我弟弟。,20
196,1792335,7494142,揃う,【自动词・五段/一类】到齐，齐全,1134566,今日中に資料が[揃い]ます。,今天备齐所有资料。,20
197,1792336,7494143,寄る,【自动词・五段/一类】顺便去；靠近,1093955,帰りに君のところにも[寄る]つもりです。,回去时打算顺便去你那里看看。,20
198,1792338,7494145,引っ越す,【自动词・五段/一类】搬迁,10007621,家を田舎へ[引っ越し]ます。,搬到乡下去住。,20
199,1792339,7428070,迎える,【他动词・一段/二类】迎接,1133214,20周年を[迎え]ます。,迎来二十周年。,21
200,1792340,7494146,壊れる,【自动词・一段/二类】出故障，坏,1133215,力を入れすぎると、[壊れ]ますよ。,太用力，会坏哦。,21
201,1792341,7494147,間違える,【他动词・一段/二类】搞错,1133216,日付を[間違え]ます。,搞错日期。,21
202,1792342,7494148,出発,【名・自动词・サ变/三类】出发,1134569,そろそろ[出発]しましょうか。,马上出发吧！,21
203,1792343,7437605,転職,【名・自动词・サ变/三类】换工作,1096659,会社を辞めて、教師に[転職]しようと思っています。,想辞职，改行做老师。,21
204,1792344,7496192,パンク,【名・自动词・サ变/三类】轮胎爆裂，撑破,1134570,タイヤが[パンク]します。,爆胎。,21
205,1792345,7494150,寂しい,【形容词/イ形容词】寂寞,1133220,ひとりで[寂しい]です。,一个人很寂寞。,21
206,1792346,7494151,楽しみ,【形容动词/ナ形容词】愉快，期待,1133221,私は花が好きなので、[楽しみ]です。,因为我很喜欢花，所以很期待。,21
207,1792347,7449013,特別,【形容动词/ナ形容词】特别,1133222,彼は[特別]なゲストとしてきました。,他作为特邀嘉宾来了。,21
208,1792348,7430664,それでは,【接续词】那么,1133223,[それでは]、また明日。,那样，明天见。,21
209,1792349,7494152,ボタン,【名词】按钮；纽扣,1134571,この[ボタン]を押すと、電源が入ります。,按这个按钮，就通电了。,22
210,1792350,7430560,ブローチ,【名词】胸针,1133225,[ブローチ]を胸につけます。,把胸针别在胸前。,22
211,1792352,7447209,カーテン,【名词】窗帘，帘子,1101561,窓には[カーテン]がかけてあります。,窗户上挂着窗帘。,22
212,1792353,7494153,コンクリート,【名词】混凝土，水泥,1133227,その公園には[コンクリート]でできた卓球台があるんです。,在这个公园有用混凝土做的乒乓桌。,22
213,1792354,7494154,プラスチック,【名词】塑胶，塑料,1133228,[プラスチック]で星を作ります。,用塑料做星星。,22
214,1792355,7494155,翡翠,【名词】翡翠,10007625,この[翡翠]はきれいですね。,这块翡翠很漂亮呢！,22
215,1792356,7494156,サービスセンター,【名词】维修服务中心,1133230,[サービスセンター]に電話します。,打电话给服务中心。,22
216,1792357,7432212,会員,【名词】会员,1133231,[会員]じゃないと８時以降は利用することができないんです。,不是会员的话，晚上八点之后不能使用。,22
217,1792358,7494157,特典,【名词】优惠,1137887,会員になると、何か[特典]があるんですか。,成为会员的话，有什么优惠吗？,22
218,1792359,7456206,お手洗い,【名词】洗手间，厕所,1134572,[お手洗い]に行きたいです。,想去洗手间。,22
219,1792360,7485001,階段,【名词】楼梯，台阶,1125531,[階段]を登りました。,爬楼梯。,23
220,1792361,7437725,以降,【名词】以后,1133235,８時[以降]は利用することができません。,晚上八点之后不能使用。,23
221,1792362,7458515,そば,【名词】旁边,1133236,たまに公園の[そば]を通ることがあるんです。,偶尔从公园旁经过。,23
222,1792363,7494158,卓球台,【名词】乒乓球桌,1133237,その公園にはコンクリートでできた[卓球台]があるんです。,在这个公园有用混凝土做的乒乓桌。,23
223,1792364,7431092,サイズ,【名词】大小，尺寸,1092530,あなたの帽子の[サイズ]はどれくらいですか。,你戴多大尺码的帽子?,23
224,1792365,7494159,白鳥,【名词】天鹅,10007626,[白鳥]を見たことがありますか。,看到过天鹅吗？,23
225,1792366,7494160,電源,【名词】电源,1133239,このボタンを押すと、[電源]が入ります。,按这个按钮打开电源。,23
226,1792367,7452502,スイカ,【名词】西瓜,1133240,[スイカ]は、夏の果物です。,西瓜是夏天的水果。,23
227,1792368,7494161,押す,【他动词・五段/一类】按，推，挤,1134573,このボタンを[押し]てください。,请按这个按钮。,23
228,1792369,7494162,つく,【自动词・五段/一类】灯亮，开灯,10044663,電気が[つき]ます。,灯亮了。,23
229,1961755,7497214,生きる,【自动词・一段/二类】活，活着；生活，过日子,1135793,元気に[生き]ます。,活得很健康。,24
230,2263012,7427467,回す,【他动词・五段/一类】转动；传送；派送,895276,つまみを左に[回す]と、音が小さくなります。,把旋钮向左转，声音就会变小。,24
231,1792370,7494163,下がる,【自动词・五段/一类】下降，降低,1133243,価格は[下がり]ます。,价格下跌。,24
232,1792371,7494164,怒る,【自动词・五段/一类】生气,1133244,彼はよく[怒り]ます。,他经常发火。,24
233,1792373,7494166,動く,【自动词・五段/一类】运转，转动,10007627,故障で時計が[動かない]。,钟出了毛病，一点儿也不走了。,24
234,1792375,7494168,下りる,【自动词・一段/二类】下，下来,1133248,あの階段を[下りる]と、右にあります。,下了楼梯，右边就是。,24
235,1792376,7494169,まとめる,【他动词・一段/二类】汇集；总结，整理,1133249,今日の内容を[まとめ]ます。,整理今天的内容。,24
236,1792378,7494171,故障,【名・自动词・サ变/三类】故障,1133251,このパソコンはよく[故障]します。,这台电脑经常出故障。,24
237,1792379,7451763,美しい,【形容词/イ形容词】美丽,1133252,この模様が[美しい]です。,这个花纹很美丽。,24
238,1797911,7098345,丁寧,【形容动词/ナ形容词】精心，细心，恭敬,919481,[丁寧]に言う暇がありません。,没空恭敬地说话。,25
239,1798024,7104408,高速バス,【名词】高速公共汽车,925451,[高速バス]に乗って、郊外に行きます。,坐高速巴士去郊外。,25
240,2258581,7494180,旅行予定,【名词】旅行计划,1133261,今月中に[旅行予定]がありますか。,这个月有旅行的计划吗？,25
241,1792380,7485103,うまい,【形容词/イ形容词】（味道）好吃的；（技术、技能等）高明的，巧妙的,1125652,中華料理は[うまい]です。,中国菜好吃。,25
242,1792381,7494173,詳しい,【形容词/イ形容词】详细,1133254,[詳しい]お話を伺いたいのですが。,想询问一下详细信息。,25
243,1792382,7494174,自由,【形容动词/ナ形容词】随便，自由,1134578,誰でも[自由]に利用することができるんでしょうか。,谁都可以随便使用吗？,25
244,1792384,7494176,きちんと,【副词】好好地；正经地,1133256,朝ご飯は毎日[きちんと]食べていますか。,每天都有好好吃早饭吗？,25
245,1792385,7494177,ただし,【接续词】不过，只是,1133257,[ただし]、有料ですが。,只是，是付费的。,25
246,1792386,7494178,列車,【名词】火车,1133258,広州へは[列車]で行きますか。,是坐火车去广州吗？,25
247,1792388,7494179,出発時刻,【名词】出发时间,1133260,[出発時刻]はいつですか。,出发时间是什么时候？,25
248,1792390,7432010,天気予報,【名词】天气预报,1136335,[天気予報]を放送します。,播送天气预报。,26
249,1792391,7431189,台風,【名词】台风,1136234,日本は[台風]が多い国です。,日本是台风频发的国家。,26
250,1792392,7494181,うわさ,【名词】传说，风言风语,1133264,[うわさ]が飛んでいます。,流传着传言。,26
251,1792393,7437847,宣伝,【名・自他・サ变/三类】宣传,1134579,彼はスポーツ用品の会社で、[宣伝]を担当しているそうです。,据说他在体育用品公司里担任宣传的职务。,26
252,1792394,7437797,新型,【名词】新型,1096950,[新型]自動車を宣伝する。,宣传新款的汽车。,26
253,1792395,7437837,ボーナス,【名词】奖金,1133267,今度の[ボーナス]で車を買うつもりです。,想用这次的奖金买车。,26
254,1792396,7437809,ラーメン,【名词】拉面,1133268,[ラーメン]が好きです。,喜欢拉面。,26
255,1792397,7432443,牛乳,【名词】牛奶,1133269,[牛乳]は冷蔵庫にあります。,牛奶在冰箱里。,26
256,1792398,7494182,パーティー,【名词】派对，宴会,1133270,餃子[パーティー]を開きます。,开饺子宴会吧！,26
257,1792399,7449041,しかし,【接续词】可是，但是,1133271,[しかし]、残り時間が足りません。,但是，剩余时间不够。,26
258,2231002,7551775,提出,【名・他动词・サ变/三类】提交,1178225,願書を[提出]する。,提交申请书。,27
259,1792400,7494183,正月休み,【名词】新年假日,1133272,[正月休み]は長いですか。,新年假日长吗？,27
260,1792401,7494184,スポーツ用品,【名词】体育用品,1133273,[スポーツ用品]の会社で、宣伝を担当しているそうです。,在体育用品公司里担任宣传的职务。,27
261,1792402,7494185,インフルエンザ,【名词】【英】influenza；流感，流行性感冒,1133274,ニュースによると、今年の冬は[インフルエンザ]が流行するそうです。,新闻说，今年冬天会有流感盛行。,27
262,1792403,7494186,支店,【名词】分店，分公司,1133275,来月から東京で[支店]を作ることになります。,下个月要在东京开分店了。,27
263,1792404,7431550,小学校,【名词】小学,1125438,母は[小学校]の先生をしています。,妈妈是小学教师。,27
264,1792405,7432393,遊園地,【名词】游乐园,1133277,今度の日曜日に[遊園地]へ行くつもりです。,这周日准备去游乐园。,27
265,1792406,7428900,首相,【名词】首相,1176665,日本の[首相]になる。,当选日本首相。,27
266,1792407,7431701,歴史,【名词】历史,1136699,中国もインドも[歴史]が長い国です。,中国和印度都是历史悠久的国家。,27
267,1792408,7448627,彼女,【代词】她,1125640,[彼女]はまだ結婚していませんよ。,她还没成家呢。,27
268,1792410,7494188,上がる,【自动词・五段/一类】提高，涨,1133282,来月から給料が[上がる]ことになります。,从下个月起工资会涨。,28
269,1792411,7494189,乗り換える,【他动词・一段/二类】换乘,1097022,別の船に[乗り換える]つもりです。,我打算改坐别的船。,28
270,1792412,7494190,辞める,【他动词・一段/二类】辞去,1133283,会社を[辞める]ことにしました。,决定向公司辞职。,28
271,1792413,7432203,留学,【名・自动词・サ变/三类】留学,1133284,日本へ[留学]するために、お金を貯めています。,为了去日本留学，在存钱。,28
272,1792414,7431670,入学,【名・自动词・サ变/三类】入学,1134584,妹は今年大学に[入学]します。,妹妹今年进大学。,28
273,1792415,7437831,流行,【名・自动词・サ变/三类】流行,1134585,インフルエンザが[流行]します。,流感流行。,28
274,1792416,7494191,お邪魔,【名・他动词・サ变/三类】打扰，拜访,1133287,一緒に[お邪魔]することにしましたよ。,一起去拜访哦！,28
275,1792417,7494192,担当,【名・他动词・サ变/三类】承担,1134586,会社で、営業を[担当]しています。,在公司里担任销售职务。,28
276,1792418,7494193,強い,【形容词/イ形容词】强壮的,1134587,体が[強い]です。,身强体壮。,28
277,1792419,7437784,気さく,【形容动词/ナ形容词】爽快，坦率,1096923,[気さく]に私の頼みを聞いてくれた。,很爽快地答应了我的请求。,28
278,1792420,7430596,いろんな,【连体词】各种各样的,1133291,小野さんを北京の[いろんな]所へ案内するつもりです。,（我）打算带小野在北京到处逛逛。,29
279,1792421,7494194,ずっと,【副词】一直，始终,1133292,天気予報によると、連休中は[ずっと]晴れだそうですよ。,根据天气预报，长假一直会放晴。,29
280,1792422,7432328,スーツケース,【名词】旅行箱,10183179,ずいぶん重そうな[スーツケース]ですね。,看上去很重的旅行箱呢。,29
281,1792424,7494196,スーツ,【名词】成套的西装,10183178,[スーツ]を何着持っていますか。,你有几件西装呀？,29
282,1792425,7431558,ズボン,【名词】裤子,1125707,[ズボン]を穿きます。,穿裤子。,29
283,1792427,7432226,サンダル,【名词】凉鞋,1097095,[サンダル]を履いて面接に行くのは失礼です。,穿凉鞋去面试是很没礼貌的。,29
284,1792428,7426436,帽子,【名词】帽子,896881,[帽子]を取って挨拶する。,脱帽致敬。,29
285,1792429,7431059,腕時計,【名词】手表,1133299,おじいさんにもらった[腕時計]が壊れてしまいました。,祖父送的手表坏了。,29
286,2025688,7549829,空,【名词】空，空的,1176232,財布も[空]になった。,钱包也空了。,30
287,1792430,7437948,小物,【名词】小东西，小人物,1097159,彼は政治家仲間では[小物]だと思っています。,我认为他是政治家中的小人物。,30
288,1792431,7430628,運転手,【名词】司机,1133301,[運転手]さんに開けてもらいましょう。,请司机帮忙打开吧！,30
289,1792433,7430745,運動会,【名词】运动会,1133303,明日の[運動会]は中止です。,明天的运动会取消。,30
290,1792434,7499770,チーム,【名词】队，团体,1133304,この[チーム]は優勝しました。,这个队伍胜利了。,30
291,1792435,7494201,最後,【名词】最后,1134591,彼は[最後]まで努力しました。,他努力到了最后。,30
292,1792436,7494202,再会,【名词】重逢，再会,1133306,10年ぶりで彼女と[再会]しました。,相别十年后与她重逢。,30
293,1792437,7494203,久しぶり,【名词】好久不见,1133307,[お久しぶり]です。,好久不见了。,30
294,1792438,7066635,柿,【名词】柿子,1134592,[柿]が木から落ちました。,柿子从树上掉下来了。,30
295,1792439,7494204,清涼飲料水,【名词】清凉饮料,1133309,昨年発売された[清涼飲料水]は５種類あります。,去年发售的清凉饮料有五种。,30
296,2258549,8594995,割る,【他动词・五段/一类】（四则运算）除,1138644,2で2を[割る]と１になる。,2除2等于1。,31
297,2263013,7456171,止む,【自动词・五段/一类】停止,1102078,雨が[止む]まで待つ。,等到雨停。,31
298,1792440,7494205,閉まる,【自动词・五段/一类】关闭，关,1133310,ドアは自動的に[閉まり]ます。,门会自动关起来。,31
299,1792441,7494206,壊す,【他动词・五段/一类】弄坏,1133311,自然を[壊し]ます。,破坏自然。,31
300,1792443,8513907,掛かる,【自动词・五段/一类】挂，悬挂,1134845,ドアに[掛かり]ます。,挂在门上。,31
301,1792444,7431091,汚す,【他动词・五段/一类】弄脏,1133315,泥で洋服を[汚し]ます。,泥巴把衣服弄脏了。,31
302,1792446,7494211,建つ,【自动词・五段/一类】盖，建,1133317,駅前に新しいビルが[建ち]ます。,站前要盖起新楼。,31
303,1792447,7494212,並ぶ,【自动词・五段/一类】排队，排，列队,1133318,人々が駅前に[並び]ます。,人们在车站前排队。,31
304,1792448,7432341,着く,【自动词・五段/一类】到，到达,1133319,３時に[着き]ます。,三点到。,31
305,1792449,7494309,鳴る,【自动词・五段/一类】发出声响,1133447,チャイムが[鳴り]ます。,门铃响。,31
306,2025689,7455016,汚れる,【自动词・一段/二类】脏，肮脏,1137435,[汚れた]川の水,被污染的河水,32
307,2034180,10064234,被る,【他动词・五段/一类】戴，蒙，盖,10044659,帽子を[被り]ます。,戴帽子。,32
308,1792451,7494214,履く,【他动词・五段/一类】穿（鞋，裤子）,1128527,靴を[履き]ます。,穿鞋子。,32
309,1792452,7431795,飼う,【他动词・五段/一类】饲养,1133321,ペットを[飼い]ます。,养宠物。,32
310,1792453,7494215,消える,【自动词・一段/二类】（光、火等）消失，消逝，熄灭,1133322,火が[消え]ます 。,火熄灭。,32
311,1792454,10183175,掛ける,【他动词・一段/二类】挂上，悬挂；拉；蒙上；戴上；搭上；系上；捆上,10131207,看板を[掛ける]。,把牌子挂上。,32
312,1792455,7071323,落ちる,"【自动词・一段/二类】落下,降落,掉下来,坠落",893661,柿が木から[落ちた]。,柿子从树上掉下来。,32
313,1792456,7456895,割れる,【自动词・一段/二类】破裂，破碎,925781,地震のために、地が[割れた]。,由于地震，地裂开了。,32
314,1792457,7494219,建てる,【他动词・一段/二类】盖，建造,1133326,アパートを[建て]ます。,盖公寓。,32
315,1792458,7494220,負ける,【自动词・一段/二类】输，负，败,1133327,戦争に[負け]ます。,战败。,32
316,2226378,7498014,残念,【名・形容动词/ナ形容词】遗憾，可惜,1136725,会いたい人に会えなくて[残念]でした。,没有见到想见的人，真遗憾。,33
317,1792460,7494222,偉い,【形容词/イ形容词】了不起，伟大,1133329,彼は[偉い]人物です。,他是很伟大的人物。,33
318,1792461,7494223,楽,【形容动词/ナ形容词】容易，简易；快乐，轻松,1133330,電卓があれば、計算が[楽]です。,有了计算器，计算很轻松。,33
319,1792463,7494225,急に,【副词】突然,1133332,電車が[急に]止まりました。,电车突然停止了。,33
320,1792464,7494226,全部,【副词】全部,1134600,森さんはボーナスを[全部]使ってしまいました。,小森把奖金用光了。,33
321,1792465,7494227,相変わらず,【副词】照旧，依然,1133334,[相変わらず]ですね、森さん。,一点都没变呢，小森。,33
322,1792466,7494228,うっかり,【副词】不留神，不注意,1133335,[うっかり]して、約束の時間を忘れました。,一不留神，忘了约定的时间。,33
323,1792467,7494229,それにしても,【接续词】即便那样，话虽如此,1133336,[それにしても]、どこかで見たことがありそうですね。,话虽如此，好像还是在哪儿见过。,33
324,1792468,7494230,カレンダー,【名词】挂历，日历,1133337,壁に[カレンダー]が掛けてあります。,墙上挂了日历。,33
325,1792469,7430679,ポスター,【名词】宣传画，海报,1134601,イベントの[ポスター]を貼ります。,张贴活动的宣传海报。,33
326,1792470,7430994,ハードスケジュール,【名词】紧张的日程,1133339,明日からは、[ハードスケジュール]です。,明天起日程很紧张。,34
327,1792471,7448458,カレーライス,【名词】咖喱饭,1134602,[カレーライス]を作ってみました。,试着做了咖喱饭。,34
328,1792473,7430556,本場,【名词】原产地，发源地,1134603,[本場]の料理は最高でしょう。,原产地的料理最好吃吧。,34
329,1792474,7432113,玄関,【名词】门口，玄关,1133343,[玄関]のところに誰かいるようです。,玄关那里好像有人。,34
330,1792475,7494232,ロッカー,【名词】橱柜，文件柜,1096599,大切なファイルですから、[ロッカー]にしまうのを忘れないでください。,因为是很重要的文件，别忘了放回文件柜里去。,34
331,1792476,7494233,バッグ,【名词】包，手提包,1133344,これは私のハンド[バッグ]です。,这是我的手提包。,34
332,1792477,7431008,旅行社,【名词】旅行社,1096555,王さんは北京[旅行社]でガイドをしています。,小王在北京旅行社做导游。,34
333,1792478,7431041,視察団,【名词】视察团,1096549,日本からの[視察団]を迎えるために、空港へ行きます。,为了迎接从日本来的考察团而去机场。,34
334,1792480,8851925,帰り,【名词】回来。回去。归途。,1965671,きょうは[帰り]が遅いかも知れない。,今天可能回来晚。,35
335,1792481,7494236,持ち帰り,【名词】打包，带回,1133347,じゃあ、[持ち帰り]にしましょう。,那么，打包带回去吧！,35
336,1792482,7099346,事故,【名词】事故,1133348,[事故]があったために、電車が遅れたんです。,因为发生了事故，所以电车晚点了。,35
337,1792483,7494237,花束,【名词】花束,1133350,歓迎会のために、[花束]をたくさん用意しておきます。,为了欢迎会，事先准备了很多花束。,35
338,1792484,7494238,発表会,【名词】发布会,1133351,明日は[発表会]ですね。,明天就是发表会了呢！,35
339,1792485,7099513,論文,【名词】论文,1133352,教授に[論文]を見ていただきました。,请教授看了论文。,35
340,1792486,7494239,ダイエット,【名・自动词・サ变/三类】减肥,1134604,今、[ダイエット]中なんです。,现在正在减肥。,35
341,1792487,7494240,オリンピック,【名词】奥运会，奥林匹克,1133354,優秀であれば、[オリンピック]に出場することができます。,如果够优秀的话，可以参加奥运会。,35
342,1792488,7437993,あちこち,【代词】到处，处处,1133355,明日からハードスケジュールで、[あちこち]行きます。,明天起日程很紧张，这里那里要去很多地方。,35
343,1792489,7494241,焼く,【他动词・五段/一类】烤，烧，烧毁,1133356,魚を[焼き]ます。,烤鱼。,35
344,2226381,10238718,仕舞う,【他动词・五段/一类】收拾整理,10180501,おもちゃを箱の中に[仕舞い]なさい。,把玩具收进箱子里。,36
345,1792490,7494242,稼ぐ,【他动词・五段/一类】挣钱，赚钱,1133357,お金を[稼ぎ]ます。,赚钱。,36
346,1792491,7431334,合う,【自动词・五段/一类】合适,1539446,サイズが[合い]ます。,大小合适。,36
347,1792492,7497739,残る,【自动词・五段/一类】（其中的一部分）留下，剩下，剩余,1136403,お金がまだ少し[残って]います。,钱还有一点没用完。,36
348,1792493,7494244,包む,【他动词・五段/一类】卷，包裹,1133359,新聞紙で本を[包み]ます。,用报纸把书包上。,36
349,1792494,7494245,頼む,【他动词・五段/一类】点（菜）；请求；托付,1133360,彼に[頼み]ます。,求他办事。,36
350,1792495,7494246,貼る,【他动词・五段/一类】粘，贴,1134606,切手を[貼り]ます。,贴邮票。,36
351,1792496,7449015,飾る,【他动词・五段/一类】装饰,1133362,パーティーの会場を[飾り]ます。,装饰派对的会场。,36
352,1792498,7494249,戻す,【他动词・五段/一类】放回，返还，返回,1133365,借りた椅子を[戻し]ます。,把借来的椅子还回去。,36
353,1792499,7494250,貯める,【他动词・一段/二类】积攒，储存,1133366,お金を[貯め]ます。,存钱。,36
354,1792500,7437652,並べる,【他动词・一段/二类】排列,1133367,机を2列に[並べ]ます。,把桌子排成两行。,37
355,1792501,7099325,預ける,"【他动词・一段/二类】寄存,托付",1134609,鞄を[預け]ます。,存包。,37
356,1792502,7494251,続ける,【他动词・一段/二类】继续，持续,1133369,授業を[続け]ます。,继续上课。,37
357,1792504,7494252,訪問,【名・他动词・サ变/三类】拜访，访问,1133370,地元の家庭を[訪問]します。,访问当地的家庭。,37
358,1792505,7494253,貯金,【名・自动词・サ变/三类】存钱，储蓄,1133371,[貯金]が増えます。,存款越来越多。,37
359,1792506,7432291,歓迎,【名・他动词・サ变/三类】欢迎,1133372,小野さんを[歓迎]します。,欢迎小野先生。,37
360,1792507,7494254,用意,【名・他动词・サ变/三类】准备,1133373,[用意]をしておきます。,作好准备。,37
361,1792508,7494255,おかしい,【形容词/イ形容词】奇怪，可笑，不正常,1134611,[おかしい]ですね。,好奇怪！,37
362,1792509,7494256,ひどい,【形容词/イ形容词】严重，厉害,1133375,あの男は[ひどい]です。,那个男人太过分了。,37
363,1792510,7494257,もったいない,【形容词/イ形容词】可惜，浪费，过分,1133376,[もったいない]ですね。,太可惜了。,38
364,1792511,7455196,優秀,【名・形容动词/ナ形容词】优秀,1133377,彼は[優秀]です。,他很优秀。,38
365,1792512,7437611,最高,【名・形容动词/ナ形容词】最高，最好,1096672,やっぱり本場の料理は[最高]ですね。,果然当地正宗的菜是最好吃的。,38
366,1792513,7452473,しっかり,【副词】充分，充足,1133379,今日は[しっかり]食べておいてください。,今天请多吃一点。,38
367,1792514,7494259,非常に,【副词】非常,1996252,昨日のパーティーは[非常に]楽しかったです。, 昨天的聚会很快乐。,38
368,1792515,7494260,こんなに,【副词】这么，这样地,1134612,[こんなに]立派にできるとは思わなかったんです。,没想到做得这么漂亮。,38
369,1792516,7437551,一生懸命,【副词】拼命地，努力地,1133382,[一生懸命]頑張ります。,拼命努力。,38
370,1792517,7431343,マラソン,【名词】马拉松,1133383,明日雨が降ったら、[マラソン]大会は中止です。,明天如果下雨，马拉松大会就会取消。,38
371,1792518,7494262,ホームパーティー,【名词】家庭聚会,1133384,今月友達夫婦が[ホームパーティー]を主催します。,这个月朋友夫妇举办家庭聚会。,38
372,1792519,7437692,ゴーカート,【名词】游戏汽车，玩具汽车,1133385,この[ゴーカート]は大人でも乗ることができますか。,这辆玩具汽车成人也可以坐吗？,38
373,2231006,7430857,小学生,【名词】小学生,1156559,ピアノは[小学生]の時から好きです。,钢琴从小学生开始就喜欢。,39
374,1792520,7494263,テレビゲーム,【名词】电子游戏,1133386,今の小学生は[テレビゲーム]が大好きです。,现在的小学生很喜欢电子游戏。,39
375,1792521,7494264,中止,【名・他动词・サ变/三类】中止，中顿,1133387,明日の運動会は[中止]になるかもしれません。,明天的运动会可能会取消。,39
376,1792522,7494265,表現,【名・他动词・サ变/三类】表达，表现,1133388,彼の[表現]がうまいです。,他的表达很地道。,39
377,1792523,7494266,反対,【名・自动词・サ变/三类】反对,1134613,彼に[反対]する勇気がありません。,没有反对他的勇气。,39
378,1792524,7458680,営業,【名・自动词・サ变/三类】营业,1133390,[営業]課の田中ですが、どうぞよろしくお願いします。,我是营业课的田中，请多多关照。,39
379,1792525,7431127,在庫,【名・自动词・サ变/三类】库存，存货,1134614,この品物の[在庫]はあとどのくらいありますか。,这批货物的库存还有多少？,39
380,1792526,7456359,大人,【名词】大人，成人,1133392,[大人]でも乗ることができますか。,成人也可以坐吗？,39
381,1792527,7494267,おじ,【名词】叔叔，伯伯，舅舅,1133393,[おじ]にもらった腕時計が壊れてしまいました。,叔叔送的手表坏了。,39
382,1792529,7494268,宇宙飛行士,【名词】宇航员,1134616,将来[宇宙飛行士]になりたいです。,将来想成为宇航员。,39
383,2258580,7449492,計算,【名・他动词・サ变/三类】计算；估计；考虑,1108549,費用はどれだけかかるか[計算]してくれる？,能帮我计算一下会花费多少费用吗？,40
384,1792530,7494269,カタログ,【名词】商品目录,1134617,当店の[カタログ]を2部送ります。,寄给您两部本店的商品目录。,40
385,1792531,7430865,宝くじ,【名词】彩票,1134618,五百万円の[宝くじ]にあたりました。,中了五百万日元的彩票。,40
386,1792532,7457272,成績,【名词】成绩,1133398,選手たちは試合でいい[成績]を取りました。,选手们在比赛中取得了好成绩。,40
387,1792534,7448681,消しゴム,【名词】橡皮,1096836,鉛筆だったら、[消しゴム]で消すことができます。,用铅笔写的话，可以用橡皮擦掉。,40
388,1792535,7431336,葉,【名词】叶子,1133400,たくさんの[葉]が落ちています。,许多叶子落下了。,40
389,1792536,7494271,ビタミン剤,【名词】维生素片剂,1133401,[ビタミン剤]のカタログをご覧ください。,请看维生素片的商品目录。,40
390,1792537,7494272,中古,【名词】二手货，旧货,1095582,[中古]車を買っても大丈夫ですか。,买二手车也没关系吗？,40
391,1792538,7432316,機会,【名词】机会,1133402,ちょうどいい[機会]です。,正是好机会。,40
392,1792539,7431842,休日,【名词】休息日，假日,1133403,[休日]の商店街は人が多いです。,休息日的商业街人很多。,40
393,1792540,7494273,今回,【名词】这次，这回,1134620,[今回]、斬新なデザインを考えてみました。,这次，想出了的崭新设计。,41
394,1792541,7479141,今月,【名词】这个月,1133405,[今月]の末までに届くように出してください。,请在这个月底寄到。,41
395,1792542,7452486,最終点検,【名词】最终检查,1096746,準備が完全でも、[最終点検]が必要です。,尽管准备很充分，最终检查还是必要的。,41
396,1792543,10176454,効く,【自动词・五段/一类】有效，生效。,10122104,あれ？抗体が[効かない]ぞ。,啊？抗体不起效了啊。,41
397,1792544,7494275,祝う,【他动词・五段/一类】祝贺,1133407,建国60周年を盛大に[祝い]ます。,隆重地庆祝建国六十周年。,41
398,1792545,7494276,当たる,【自动词・五段/一类】中（奖），抽中,1133408,宝くじに[当たり]ます。,中彩票。,41
399,1792546,7550538,空く,【自动词・五段/一类】闲着；空缺,1176988,手が[空いて]いる。,闲着没事干。,41
400,1792547,7494278,腐る,【自动词・五段/一类】腐烂，腐败,1133410,果物が[腐り]ます。,水果腐烂了。,41
401,1792548,7457768,見つける,【他动词・一段/二类】找到，发现，看见；看惯，眼熟,921038,落とした財布を[見つけた]。,找到了丢失的钱包。,41
402,1792549,7494280,晴れる,【自动词・一段/二类】晴朗，天晴,1134623,土日はようやく[晴れ]ます。,周末终于放晴了。,41
403,1792550,7494281,訪ねる,【他动词・一段/二类】访问，拜访,1133413,クリスマス前夜に[訪ね]ます。,在圣诞前夜去拜访。,42
404,1792551,7494282,滞在,【名・自动词・サ变/三类】停留，滞留,1096897,今回はどのくらい[滞在]の予定ですか。,这次打算逗留多久?,42
405,1792552,7431478,休憩,【名・自动词・サ变/三类】休息,1133414,[休憩]の時間が短いです。,休息时间短。,42
406,1792553,8850410,参加,【名・自动词・サ变/三类】参加。加入。,1963647,大会に[参加]する。,参加大会。,42
407,1792554,7431787,乾杯,【名・自动词・サ变/三类】干杯,1133416,準備ができたら、[乾杯]しますよ。,准备好了就干杯吧！,42
408,1792555,7494284,変,【形容动词/ナ形容词】不恰当，奇怪，反常,1133417,[変]な電話がもらいました。,接到了奇怪的电话。,42
409,1792556,7494285,完全,【形容动词/ナ形容词】充分，完全,1133418,[完全]に理解していません。,完全不明白。,42
410,1792557,10182929,必要,【名・形容动词/ナ形容词】必要。需要,10130878,あなたが謝る[必要]はありません。,你没有必要道歉。,42
411,1792558,7494287,だんだん,【副词】渐渐地，逐渐地,1133420,何度も作ると、[だんだん]上手になりますよ。,做几次，就越做越好了哦！,42
412,1792559,7437701,もし,【副词】如果，假如,1134624,[もし]宝くじが当たったら、高い車を買いたいです。,如果中了彩票，想买豪车。,42
413,1792560,7494288,最初,【名词】开始的时候，最初,1133422,[最初]は言葉が通じなくて、とても困りました。,一开始语言不通，很迷茫。,43
414,1792561,7494289,出身,【名词】出生地,1133423,ご[出身]はどちらですか。,您是哪里人?,43
415,1792562,7426438,工場,【名词】工厂,1133424,あれは自動車の部品[工場]ですよ。,那个是汽车部件的制造厂哦。,43
416,1792563,7431915,煙突,【名词】烟囱,1096965,家から遠くの[煙突]が見えます。,从家里可以看见远处的烟囱。,43
417,1792564,7494291,フライパン,【名词】平底锅,1133425,[フライパン]で卵焼きを作ります。,用平底锅煎荷包蛋。,43
418,1792565,7494292,卵焼き,【名词】荷包蛋，煎鸡蛋,1134625,[卵焼き]を作ります。,煎荷包蛋。,43
419,1792566,7494293,グラウンド,【名词】操场，运动场,1096955,クラスメートが[グラウンド]で運動するのが見えます。,可以看见同学在操场运动。,43
420,1792567,7494294,屋上,【名词】屋顶上，屋顶,10183303,[屋上]ガーデンを建てます。,建屋顶花园。,43
421,1792568,7494295,凧,【名词】风筝,1133428,[凧]をあげます。,放风筝。,43
422,1792569,7494296,テープ,【名词】磁带，音像带,1133429,[テープ]が回ります。,磁带转动。,43
423,1792570,7494297,読書,【名词】读书,1133430,彼女は[読書]が好きです。,她喜欢读书。,44
424,1792571,7494298,申請,【名词】申请,1133431,この写真はパスポートの[申請]に使います。,这张照片是用来申请护照的。,44
425,1792572,7431108,関西弁,【名词】关西话，关西方言,1133432,[関西弁]も日本文化の一つです。,关西方言也是日本文化的一部分。,44
426,1792573,7494341,日常会話,【名词】日常会话,1133433,[日常会話]には困りません。,日常会话没有问题。,44
427,1792574,7494299,日本文化,【名词】日本文化,1133434,[日本文化]に興味があります。,对日本文化有兴趣。,44
428,1792575,7494300,生産コスト,【名词】生产成本,1133435,[生産コスト]が高いですか。,生产成本高吗？,44
429,1792576,7432019,交通事故,【名词】交通事故,1134626,友達が[交通事故]で死にました。,朋友因交通事故去世了。,44
430,1792577,7434512,ご主人,【名词】您丈夫，您先生,1134627,[ご主人]とどこかへ旅行に行きましたか。,和您先生一起去哪旅行了？,44
431,1792578,7494301,量り売り,【名词】称斤卖，论重量卖,1133438,市場は[量り売り]のお店が多いでしょう。,在集市论重量卖的商店很多对吧。,44
432,1792579,7431088,笑い声,【名词】笑声,1133439,部屋の外から子供の[笑い声]が伝えます。,房外传来孩子们的笑声。,44
433,2242997,7434603,雇う,【他动词・五段/一类】雇佣,1134631,田中さんの工場は200人以上[雇い]ます。,田中的工厂雇佣两百多人。,45
434,1792580,7494208,付く,【自动词・五段/一类】附带，附加,1134593,銀行に預ければ利子が[付き]ます。,存在银行里有利息。,45
435,1792581,7494302,持ち歩く,【他动词・五段/一类】携带，拿着走,1134628,これは軽くて、[持ち歩く]のにとても便利なんですよ。,这个很轻，便于携带哦！,45
436,1792582,7494303,繰り返す,【他动词・五段/一类】反复,1892654,同じ失敗を[繰り返す]な。, 相同的错误不能犯两次。,45
437,1792583,7494304,騒ぐ,【自动词・五段/一类】吵嚷，吵闹,1133442,隣の赤ちゃんは毎日[騒ぎ]ます。,隔壁的婴儿每天都很吵。,45
438,1792584,7494305,間に合う,【自动词・五段/一类】来得及，赶得上,1133443,[間に合う]かどうか分かりません。,不知道能不能赶上。,45
439,1792585,7494306,鳴く,【自动词・五段/一类】叫，鸣，啼,1133444,朝から鳥が[鳴き]ます。,一早鸟儿一直在叫。,45
440,1792586,7494307,眠る,【自动词・五段/一类】睡觉,1134630,部屋で[眠り]ます。,在房间里睡觉。,45
441,1792587,7494308,喜ぶ,【自他・五段/一类】喜悦，高兴,1133446,彼女はきっと[喜び]ます。,女朋友一定会很高兴。,45
442,1792588,7494342,役立つ,【自动词・五段/一类】有用，有益,1133448,ビタミンＣは老化の防止に[役立ち]ます。,维生素C有助于防止老化。,45
443,1792590,7494310,泣く,【自动词・五段/一类】哭，哭泣,1133450,あの子はよく[泣き]ます。,那个孩子经常哭。,46
444,1792591,7494311,振る,【他动词・五段/一类】挥动，摆动,1133451,手を[振り]ます。,挥手。,46
445,1792592,7494312,見える,【自动词・一段/二类】看到，看得见,10055413,字が小さくてはっきり[見え]ません。,字写得太小，看不清。,46
446,1792593,7494313,聞こえる,【自动词・一段/二类】听到，听得见,1133453,泣き声が[聞こえ]ます。,听见哭声。,46
447,1792594,8513908,通じる,【自动词・一段/二类】通过，相通,1137890,外国語が[通じ]ます。,会外语。,46
448,1792595,7434074,揚げる,【他动词・一段/二类】举；抬扬；抬高,1095448,凧を[揚げ]に行きませんか。,去放风筝吗？,46
449,1792596,7451645,慣れる,【自动词・一段/二类】习惯,1133456,北京の生活に[慣れる]のに苦労しましたか。,为了习惯北京的生活吃了很多苦吧！,46
450,1792597,7494316,濡れる,【自动词・一段/二类】淋湿，打湿,1134634,洋服は雨に[濡れ]られます。,衣服被雨淋湿了。,46
451,1792598,8513909,焼ける,【自动词・一段/二类】着火，燃烧,1133458,火で[焼け]ます。,用火烧。,46
452,1792599,7494317,下げる,【他动词・一段/二类】降低，下降,10177558,手を[下げます]。,放下（举着的）手。,46
453,1792600,7494318,失敗,【名・自动词・サ变/三类】出岔子，失败,1133460,結果は[失敗]に終わりました。,结果却以失败而告终。,47
454,1792601,7494319,苦労,【名・形容动词/ナ形容词・自动词・サ变/三类】辛苦，辛劳,1133461,ここの生活に慣れるのに[苦労]しましたか。,为了习惯这里的生活，（你）吃了很多苦吧！,47
455,1792602,7437876,びっくり,【副词・自动词・サ变/三类】吃惊，吓一跳,1133462,そんな手紙が届いたなんて、[びっくり]しました。,收到那样的信件，（我）吃了一惊。,47
456,1792603,7434319,出席,【名・自动词・サ变/三类】出席,1095689,来週のパーティーの件ですが、ご[出席]の有無をお知らせください。,关于下周聚会，请告知出席与否。,47
457,1792604,7494320,悲しい,【形容词/イ形容词】悲伤，悲哀,1133464,ペットが亡くなって、[悲しい]です。,宠物死了很悲伤。,47
458,1792605,7517635,本当,【名・形容动词/ナ形容词】真正；本来；实在,1157041,日本人の[本当]の顔はわかりません。,不清楚日本人真正的一面。,47
459,1792606,7494322,とにかく,【副词】特别是，总之,1133466,[とにかく]最初は言葉が通じなくて、とても困りました。,总之，一开始语言不通，很困扰。,47
460,1792607,7494323,まだまだ,【副词】还，尚，仍,1133467,いいえ、[まだまだ]です。,不不，还不够。,47
461,1792608,7434313,ぺらぺら,【副词・形容动词/ナ形容词】流利；单薄；哗啦哗啦,1095685,彼女は中国語が[ぺらぺら]だ。,她中国话讲得很流利。,47
462,1792609,7494325,ワンワン,【副词】（狗）汪汪（叫）,1133469,隣の犬はずっと[ワンワン]吠えています。,隔壁的狗一直在汪汪地叫。,47
463,1792610,7494326,ザーザー,【副词】（雨）哗啦哗啦,1097034,雨が[ザーザー]降っています。,雨哗啦啦地下。,48
464,1792611,7494327,すやすや,【副词】香甜地，安静地,1133470,赤ちゃんが[すやすや]眠っています。,婴儿睡得很安稳。,48
465,1792612,7494328,くねくね,【副词】弯曲，弯弯曲曲,1133471,山道が[くねくね]しています。,山路弯弯曲曲。,48
466,1792613,7494329,メキシコ,【名词】墨西哥,1133472,[メキシコ]はどこですか。,墨西哥在哪里？,48
467,1792614,7494330,用事,【名词】事情,1133473,今日はちょっと[用事]があるんです。,今天有事要办。,48
468,1792615,7431948,大会,【名词】大会,1133474,明日雨が降ったら、マラソン[大会]は中止です。,明天如果下雨，马拉松大会就会取消。,48
469,1792616,7428260,規模,【名词】规模,1133475,[規模]が大きいです。,规模很大。,48
470,1792617,7494331,計画,【名词】计划,1133476,道の建設[計画]に賛成します。,对道路建设的计划表示赞成。,48
471,1792618,7448717,規則,【名词】规则,1134638,この場合は、今までの[規則]に準じます。,这种情况，就按照一直以来的规则。,48
472,1792619,7494332,費用,【名词】费用,1133478,[費用]はいくらかかりますか。,一共花多少钱？,48
473,1792620,7451974,塩,【名词】盐，食盐,1133479,粉に水と[塩]を加えて作ります。,用面粉加入水和盐做出来的。,49
474,1792621,7494333,メダル,【名词】纪念章，奖牌,1133480,金[メダル]を取ります。,拿金牌。,49
475,1792622,7494334,ソフト,【名词】软件,1133481,ゲームをやりたいなら、この[ソフト]が面白いです。,想玩游戏的话，这款软件不错。,49
476,1792623,7494335,犯人,【名词】犯人，罪人,1133482,[犯人]を逮捕します。,逮捕犯人。,49
477,1792624,7457329,川,【名词】河，河流,1133483,この[川]は5000メートルもあります。,这条河长有五千米。,49
478,1792625,7494336,鉄道,【名词】火车，铁路，铁道,1133484,[鉄道]なら2時間ぐらいですね。,坐火车的话需要两个多小时。,49
479,1792626,7494337,全長,【名词】全长,1133485,長城の[全長]は5000キロメートル以上あります。,长城全长五千公里以上。,49
480,1792627,7494338,番号,【名词】号码，番号,1133486,陳さんの電話[番号]が分かりません。,我不知道小陈的电话号码。,49
481,1792628,7494339,単位,【名词】计量单位,1133487,中国の[単位]に換算します。,换算成中国的单位。,49
482,1792629,7494340,小さじ,【名词】小匙，小勺,1133488,これはスープ用の[小さじ]です。,这是喝汤用的小勺。,49
483,2010936,7144531,換算,【名・他动词・サ变/三类】换算，折合,962739,１インチはセンチメートルに[換算]すると、約2.54センチメートルになる。,1英寸用厘米换算的话，大约是2.54厘米。,50
484,2231004,7550143,出場,【名・自动词・サ变/三类】（比赛、演出）出场,1176622,オリンピック大会に[出場]する。,参加奥运会比赛。,50
485,2231005,7496437,直通列車,【名词】直达列车,1134868,[直通列車]が出ていますから。,因为有直达列车。,50
486,1792630,7496436,ボリューム,【名词】音量、容量,1134867,ラジオがうるさいなら、[ボリューム]をさげましょうか。,收音机太吵的话，就把音量调低点。,50
487,1792632,7432059,世界遺産,【名词】世界遗产,1137891,さすが[世界遺産]です。,不愧是世界遗产。,50
488,1792633,7499772,観光スポット,【名词】观光点,10045766,八達嶺は万里の長城の[観光スポット]です。,八达岭是万里长城的一个观光点。,50
489,1792634,7496439,超える,【他动词・一段/二类】超过,1135334,中国の単位に換算すれば、１万里を[超え]ますよ。,如果换算成中国的单位，就超过1万里了。,50
490,1792636,7496441,釈放,【名・他动词・サ变/三类】释放，放出,1135336,証拠不十分のため、[釈放]します。,因证据不足而释放。,50
491,1792637,7496442,つまみ食い,【名・他动词・サ变/三类】偷吃,1134874,公金を[つまみ食い]します。,私吞公款。,50
492,1792639,7432012,復習,【名・他动词・サ变/三类】复习,1134876,今日の習ったことを[復習]します。,复习今天学的内容。,50
493,1792640,7496444,成功,【名・自动词・サ变/三类】成功,1135338,失敗は[成功]のもと,失败是成功之母,51
494,1792641,7496445,弱い,【形容词/イ形容词】弱，脆弱，柔弱,921485,力が[弱くて]持ち上がらない。,力量弱举不起来。,51
495,1792642,7496446,厳しい,【形容词/イ形容词】严厉，严格,1134878,あの先生は[厳しい]です。,那位老师十分严格。,51
496,1792643,7496447,贅沢,【名・形容动词/ナ形容词・自动词・サ变/三类】奢望，奢侈，过分,1135339,お金を[贅沢]に使います。,花钱大手大脚。,51
497,1792644,7496448,こっそり,【副词】偷偷地，悄悄地,1135340,[こっそり]と部屋に入ります。,悄悄地进房间。,51
498,1792645,7496449,さすが,【副词】不愧是，果然,1134881,[さすが]世界遺産です。,不愧是“世界遗产”。,51
499,1792646,7526446,実際に,【副词】的确，真的,1145733,見たことがないが、[実際に]起きた事だ。,虽然没有亲眼目睹，但的确是真实发生的事。,51
500,1792647,7456434,商品,【名词】商品,1135343,[商品]は安ければ安いほど売れるでしょう。,商品是越便宜越好卖吧？,51
501,1792648,7458806,ごみ箱,【名词】垃圾箱,1125632,[ごみ箱]はあちらにあります。,垃圾箱在那边。,51
502,1792649,7457693,コップ,【名词】杯子,1096548,[コップ]の中に水を入れてください。,请往杯子里加水。,51
503,1792650,7432156,ペットボトル,【名词】塑料瓶,1134886,[ペットボトル]に水を入れる。,往塑料瓶倒水。,52
504,1792651,7434395,エンジン,【名词】发动机，引擎,1095764,新型の自動車用[エンジン]を開発する。,开发新型的汽车发动机。,52
505,1792652,7431947,タイヤ,【名词】轮胎,1135345,[タイヤ]に空気を入れます。,往轮胎里打空气。,52
506,1792653,7496452,路地,【名词】小巷，胡同,1134889,この[路地]が「胡同」ですね。,这小巷就是“胡同”吧。,52
507,1792654,7100375,日本食,【名词】日本食品,1134890,私は[日本食]が好きです。,我喜欢日本食品。,52
508,1792655,7496453,刺身,【名词】生鲜鱼，贝片,1134891,私は[刺身]が好きではありません。,我不喜欢生鱼片。,52
509,1792656,7496454,棚,【名词】橱柜，搁板,1135347,[棚]には本やレコードが置いている。,架子上放着书和唱片。,52
510,1792657,7496455,畳,【名词】榻榻米,1135348,[畳]は新しければ新しいほどいいです。,榻榻米越新越好。,52
511,1792658,7496456,着物,【名词】和服，衣服,1134894,[着物]を自分で着ることができますか。,能自己穿和服吗？,52
512,1792659,7496457,具合,【名词】情况,1134895,今の[具合]はいかがですか。,现在情况如何？,52
513,1792660,7100329,平仮名,【名词】平假名,1134896,[平仮名]は日本語の基本です。,平假名是日语的基础。,53
514,1792661,7432207,片仮名,【名词】片假名,1135331,[片仮名]も日本語の基本です。,片假名也是日语的基础。,53
515,1792662,7496796,今度,【名词】下次，下回,1135332,また[今度]にしましょう。,下次再说吧！,53
516,1792663,7496458,赤ちゃん,【名词】婴儿，幼儿,1134897,あの[赤ちゃん]、とてもかわいいです。,那个婴儿真可爱。,53
517,1792664,7075075,半分,【名词】一半,1135349,１００の[半分]は５０です。,一百的一半是五十。,53
518,1792665,7496459,最終,【名词】最终,1134899,上海行きの[最終]便は何時か分かりましたか。,你知道去上海的最晚航班是几点吗？,53
519,1792666,7496460,試合,【名词】比赛，竞赛,1134900,今度の[試合]はとても重要です。,这次的比赛很重要。,53
520,1792667,7452527,英字新聞,【名词】英文报纸,1134901,陳さんは毎日、[英字新聞]を読むようにしています。,老陈坚持每天看英文报纸。,53
521,1792668,7496461,衛星放送,【名词】卫星广播,1134902,[衛星放送]は放送の一つです。,卫星广播是广播的一种。,53
522,1792669,7496462,ストレス,【名词】精神紧张状态，压力,1134903,[ストレス]は体によくないです。,精神紧张对身体不好。,53
523,1792670,7496463,伝統的,【名・形容动词/ナ形容词】传统的,1134904,この辺は北京の[伝統的]な町です。,这一带是北京的传统街道。,54
524,1792671,7496464,入り組む,【自动词・五段/一类】错综复杂,1134905,[入り組んで]いますが、通り抜けられますよ。,虽然七拐八弯，但是能走的出去。,54
525,1792672,7496465,動かす,【他动词・五段/一类】开动，移动，摇动,1135351,この音楽が人の心を[動かし]ます。,这音乐打动人心。,54
526,1792673,7496466,勝つ,【自动词・五段/一类】取胜，获胜,1134907,私たちは試合に[勝ち]ました。,我们赢得了比赛。,54
527,1792674,7437974,通り抜ける,【自动词・一段/二类】穿过，走得出去,10170927,この道は[通り抜け]られますか。,这条道能走得出去吗？,54
528,1792675,7496468,感じる,【自他・一段/二类】感觉，觉得,1134909,胡同は、古い北京が[感じられ]て、楽しいですね。,胡同让我感受到古老的北京，真是太开心了。,54
529,1792676,7431656,取り替える,【他动词・一段/二类】更换，交换,1135352,友達と服を[取り替え]ます。,与朋友交换衣服。,54
530,1792677,7496469,徹夜,【自动词・サ变/三类】熬通宵，彻夜,1135353,[徹夜]して勉強します。,彻夜学习。,54
531,1792678,7496470,火傷,【名・自动词・サ变/三类】烫伤，烧伤,1134912,熱湯で足に[火傷]をした。,开水烫了脚。,54
532,1792679,7496471,なんだか,【副词】总觉得，总有点,1135354,[なんだか]悲しい気分です。,不知怎地感到悲伤。,54
533,1976645,7497936,屋根,【名词】屋顶，房顶；车顶,1137437,[屋根]に上がります。,爬上屋顶。,55
534,1792680,7496472,上野動物園,【名词】上野动物园,1134914,[上野動物園]にいろいろな動物がいます。,上野动物园有好多的动物。,55
535,1792681,7488200,村,【名词】村子，村庄,1134915,私が生きている[村]はとても美しいです。,我生活的村子很美丽。,55
536,1792682,7520202,稲,【名词】稻谷,921768,今年の秋、農民たちは去年よりもっと多くの[稲]を収穫した。,今秋，农民比去年收获了更多的稻子。,55
537,1792683,7432417,霧,【名词】雾,1134917,今朝は[霧]がかかっているために、遠くまで見えないと思いますが。,今天早上有雾，我想可能看不远。,55
538,1792684,7496473,門,【名词】城门，门，大门,1134918,この[門]は、昔、火事のために２度も焼けたことがあるんですよ。,这座城门以前因为火灾烧毁过两次。,55
539,1792685,7463330,コンサート,【名词】音乐会,1135363,[コンサート]はとても賑やかですね。,音乐会真热闹啊！,55
540,1792687,7437621,瑠璃瓦,【名词】琉璃瓦,1134921,あれは「[瑠璃瓦]」と言います。,那是“琉璃瓦”。,55
541,1792688,7496474,黄色,【名词】黄色，黄颜色,1135357,部屋の壁が[黄色]で、とてもきれいです。,房间的墙壁是黄色的，真漂亮啊！,55
542,1792689,7458784,空,【名词】天空,1135358,青い[空]によく合います。,与蓝天很配吧！,55
543,1792690,7496475,バック,【名・自动词・サ变/三类】背景,1135359,あの建物を[バック]にして、一緒に写真を撮りませんか。,以那建筑为背景，一起照张相好吗？,56
544,1792691,7496476,貸しきり,【名词】包租,1134925,ここは[貸しきり]バスのサービスを提供します。,这儿提供包租公共汽车服务。,56
545,1792692,7496477,一般,【名词】一般,10007685,[一般]の会社,普通公司,56
546,1792693,7496478,祖母,【名词】祖母，外婆,1135361,[祖母]と一緒に公園へ行きました。,我和祖母去公园了。,56
547,1792694,7431796,音楽会,【名词】音乐会,1135362,小さな野外[音楽会]を開きます。,举办小型郊外音乐会。,56
548,1792696,7431506,ジャズ,【名词】爵士乐,1134929,私は[ジャズ]が好きです。,我喜欢爵士乐。,56
549,1792697,7455280,舞台,【名词】舞台,1096710,彼女は6歳のとき、初めて[舞台]に出た。,她六岁时第一次登台演出。,56
550,1792698,7496480,円高,【名词】日元升值,1134931,この間は[円高]です。,近段时间日元升值了。,56
551,1792699,7496481,沖,【名词】海上，湖心,1135364,船で[沖]に出ます。,坐船出海。,56
552,1792700,7496482,海外,【名词】海外,1134933,私の親友は[海外]で留学しています。,我的好友在海外留学。,56
553,1792701,7428166,資源,【名词】资源,1134934,天然[資源]は乏しいです。,天然资源匮乏。,57
554,1792702,7431981,気温,【名词】气温,1135365,[気温]の変化が激しいです。,气温骤变。,57
555,1792703,7496483,クジラ,【名词】鲸,1134936,[クジラ]は哺乳動物です。,鲸鱼是哺乳动物。,57
556,1792704,7431928,サメ,【名词】鲨鱼,1135366,海で[サメ]に襲われました。,在海里遭到了鲨鱼的袭击。,57
557,1792705,7496484,ユーフォー,【名词】不明飞行物,1134938,彼女は一度[ユーフォー]を見たことがあったといいました。,她说她曾见过不明飞行物。,57
558,1792706,7496485,昔,【名词】以前,1135367,この門は[昔]、火事のために２度も焼けたことがあります。,这座城门以前因为火灾烧毁过两次。,57
559,1792707,7496486,別名,【名词】别名,10007686,それは張さんの[別名]である。,那是小张的别名。,57
560,1792708,7431983,道路工事,【名词】道路施工,1134941,[道路工事]のために、道が込んでいます。,因道路施工，道路很拥挤。,57
561,1792709,7496487,通勤ラッシュ,【名词】上下班高峰,1134942,ちょうど[通勤ラッシュ]の時間ですから。,正好是上下班高峰时间呐。,57
562,1792710,7496488,通行禁止,【名词】禁止通行,1134943,ここからは[通行禁止]です。,往前禁止通行。,57
563,2236178,7496658,便利さ,【名词】方便程度,1135173,地下鉄は交通の[便利さ]を高めます。,地铁提高了交通的方便程度。,58
564,1792711,7456928,遠く,【名词】远处，远方,1135369,[遠く]まで見えません。,看不到远处。,58
565,1792712,7496489,見渡す,【他动词・五段/一类】眺望，远眺,1134945,天安門からはいろんな建物が[見渡せる]んですか。,从天安门上可以看到各种各样的建筑吗？,58
566,1792713,7496490,続く,【自动词・五段/一类】继续，持续,1135371,この暑さはいつまで[続き]ますか。,这炎热要持续到什么时候啊？,58
567,1792714,7496491,なくなる,【自动词・五段/一类】完，丢失,1134947,一切は[なくなり]ました。,一切都没了。,58
568,1792715,7456366,育つ,【自动词・五段/一类】发育，生长，成长；（技能）长进,1106945,子どもは田舎にいると丈夫に[育つ]。,孩子在农村里长大会长得很结实。,58
569,1792716,7449125,増える,【自动词・一段/二类】增加，增多,1135373,最近、中国へ旅行に行く日本人が[増え]てきました。,最近，来中国旅行的日本人多了。,58
570,1792717,7496493,連れる,【自他・一段/二类】带，领,1135374,子どもを[連れて]海に行きます。,领着孩子到海边去。,58
571,1792718,7497301,欠席,【名・自动词・サ变/三类】缺席，不参加（会议、仪式等）；（学生）缺课，不上课,1135894,明日の会議に出席しますか、[欠席]しますか。,你出席不出席明天的会议？,58
572,1792719,7430692,影響,【名・自动词・サ变/三类】影响,1134951,台風の[影響]が大きいです。,台风的影响很大。,58
573,2258613,7488189,娘,【名词】（我的）女儿；年轻姑娘，少女,10007687,[娘]はまだ独身です。,我女儿还是单身。,59
574,1792721,7431899,輸入,【名・他动词・サ变/三类】输入，进口,1134953,石油を大量に[輸入]します。,大量进口石油。,59
575,1792722,7496495,せっかく,【副词】好（不）容易，特意,1134954,[せっかく]来てくれたのに、留守にして、すみませんでした。,你好不容易来一次我却不在家，实在是抱歉。,59
576,1792723,7496496,絶対,【名词・副词】绝对，一定,1135375,私は映画を見て、[絶対]来たいと思っていたんです。,我就是看了电影后，想一定要来的。,59
577,1792724,7496497,紫禁城,【名词】紫禁城,1134956,ここは、別名「[紫禁城]」と言って、映画の舞台になった所です。,这里又称“紫禁城”，还是拍电影的舞台呢！,59
578,1792725,7496498,モノレール,【名词】单轨铁路，单轨电车,10007688,この[モノレール]は先月開通したばかりです。,这条单轨铁路是上个月刚开通的。,59
579,1792726,7496499,オイル,【名词】油，润滑油,1137902,[オイル]の価格が高いですね。,油价真高呢！,59
580,1792727,7496500,ダンス,【名词】跳舞，舞,1135377,彼女は週末に[ダンス]を勉強しています。,她周末学舞蹈。,59
581,1792728,7496501,時代,【名词】时代,1152812,今は平和[時代]です。,如今是和平时代，,59
582,1792730,7431920,子犬,【名词】小狗,1096871,この[子犬]は生まれたばかりで、名前がまだありません。,这个小狗刚出生，还没有名字。,59
583,1792731,7457253,都会,【名词】都市，城市,1135381,私は[都会]に憧れます。,我向往大城市。,60
584,1792732,7496503,劇場,【名词】剧场，剧院,1137903,この[劇場]、新しそうですね。,这个剧院好像很新呢！,60
585,1792733,7496504,試写会,【名词】试映会，预映会,1134965,小林さんは[試写会]の招待券を受けました。,小林先生收到了试映会的邀请函。,60
586,1792734,7431077,耳,【名词】耳朵,1134966,まだ[耳]の奥に音楽が残っています。,还余音绕耳呢。,60
587,1792735,7496505,奥,【名词】里头，内部；深处,1135383,山の[奥]に隠れます。,隐藏在深山里。,60
588,1792736,7496506,機嫌,【名词】情绪，心情,1135384,[機嫌]が悪くなりました。,心里不痛快了。,60
589,1792737,7496507,先日,【名词】前几天，前些天,1095909,[先日]は失礼しました。,上次打扰您了。,60
590,1792738,7154711,コピー機,【名词】复印机,1134968,[コピー機]でこのファイルをコピーしてください。,用复印机把这文件复印下。,60
591,1792739,7431815,券,【名词】票；证,1096847,すみませんが、入場[券]がないと中に入ってはいけません。,对不起，没有入场券不能进去。,60
592,1792740,7496510,最終便,【名词】最晚航班,1134970,上海行きの[最終便]は何時か分かりましたか。,知道去上海的最晚航班是几点吗？,60
593,2236180,7496512,招待券,【名词】招待券，请帖,1134972,私、大学時のクラスメートの結婚の[招待券]を受け取りました。,我收到了大学同学的结婚请帖。,61
594,1792741,7520839,入場券,【名词】入场券，门票,1159971,音楽会の[入場券]が手に入った。,买到了音乐会的入场券。,61
595,1792743,7496513,回数券,【名词】次数券；联票,10142029,[回数券]は何枚持っていますか。,你有几张次数券？,61
596,1792744,7499773,向かう,【自动词・五段/一类】往……去,1134974,来年、私はイタリアに[向かい]ます。,明年我将去意大利。,61
597,1792745,7496515,揃える,【他动词・一段/二类】备齐，凑齐；使一致,1134975,会議用の資料を[揃えて]おいてください。,请事先把会议用的资料备好。,61
598,1792746,7496516,漏れる,【自动词・一段/二类】漏，泄漏,10007689,ガスが辺りに[漏れ]ました。,煤气向周围泄漏。,61
599,1792747,7496517,開通,【名・自他・サ变/三类】开通,1134977,この鉄道はもう全線[開通]しました。,这条铁路已全线通车。,61
600,1792748,7100838,改築,【名・他动词・サ变/三类】改建,1134978,去年[改築]したばかりです。,去年才改建的。,61
601,1792749,7426725,完成,【名・自他・サ变/三类】完成,1135388,10年かかって、やっと研究を[完成]しました。,花了十年功夫终于完成了研究。,61
602,1792750,7432034,入社,【名・自动词・サ变/三类】进公司（工作）,1160131,電気会社に[入社]した。,进电力公司工作了。,61
603,1792751,7496519,小鳥,【名词】小鸟，鸟儿,1134981,陳さんは飼っていた[小鳥]に逃げられました。,小陈养的小鸟逃走了。,62
604,1792752,7496520,万博,【名词】世博会，万国博览会,1995451,２０１０年に上海で[万博]が開かれました。, 2010年，世博会在上海举行。,62
605,1792753,7496521,遺跡,【名词】遗址，遗迹,1134983,建設現場から[遺跡]を掘り出した。,从建筑工地挖掘出古迹。,62
606,1792754,7458688,上司,【名词】上司,1135390,彼は仕事がよくできるので、[上司]から重んじられています。,"他工作能力强,所以受领导的器重。",62
607,1792755,7452514,すり,【名词】扒手，小偷,1135391,[すり]なんて、とてもいやです。,真的很讨厌小偷啥的。,62
608,1792756,7431625,世代,【名词】世代；一代,1135392,子供からお年寄りまで、幅広い[世代]に人気があります。,从小孩到老人，广受欢迎。,62
609,1792757,7496522,市場,【名词】市场,1135393,清涼飲料水の[市場]は今後も成長が見込まれます。,可以预见清凉饮料水的市场今后还会增长。,62
610,1792758,7458739,調査,【名・他动词・サ变/三类】调查,1135394,[調査]レポート,调查报告,62
611,1792759,7496523,出荷,【名・他动词・サ变/三类】上市，运出货物,1135395,製造から[出荷]に至るまで,从生产到上市,62
612,1792760,7496524,成長,【名・自动词・サ变/三类】成长,1135396,子どもの[成長]は速いです。,孩子长得快。,62
613,1792761,7457937,嵐,【名词】暴风雨，风暴,1134991,一日中、[嵐]が吹き通しました。,整天暴风雨大作。,63
614,1792762,7431749,ダイナマイト,【名词】炸药,1134992,[ダイナマイト]で岩を崩しました。,用炸药炸毁岩石。,63
615,1792763,7496525,ネーミング,【名词】名称，命名，取名,1135398,[ネーミング]が売れ行きに影響します。,命名对销售有影响。,63
616,1792764,7496526,コストダウン,【名词】降低成本,1135399,大幅な[コストダウン]が図られています。,打算大幅度降低成本。,63
617,1792765,7496527,低価格,【名词】低价（格）,1135400,[低価格]が実現できました。,实现了低价销售。,63
618,1792766,7106018,牛肉,【名词】牛肉,1125236,[牛肉]を食べます。,吃牛肉。,63
619,1792767,7455375,おととし,【名词】前年,1134997,この本は彼が[おととし]書いたものです。,这本书是他前年写的。,63
620,1792768,7496528,今後,【名词】今后,1135402,彼は[今後]どうなるか分かりません。,不知他今后会怎样。,63
621,1792769,7496529,全て,【名词・副词】全部，所有,1135403,[すべて]がコンピュータで管理されます。,全部都采用计算机管理。,63
622,1792770,7496530,びしょぬれ,【名词】落汤鸡，湿透，濡湿,1135000,彼は全身[びしょぬれ]になりました。,他全身湿透了。,63
623,1792771,7496531,魅力,【名词】吸引力，魅力,1135404,[魅力]のあるネーミング,有魅力的名字设计,64
624,1792772,7437822,汚職事件,【名词】贪污事件,1135405,この[汚職事件]を調査します。,查清这个贪污案。,64
625,1792773,7496532,市場調査,【名词】市场调查,1135406,[市場調査]によって、消費者の需要が分かります。,通过市场调查了解消费者的需求。,64
626,1792774,7496533,交通事情,【名词】交通状况,1137904,北京の[交通事情]は大変ですね。,北京的交通状况很让人头疼呢！,64
627,1792775,7459160,合弁会社,【名词】合资公司,1135407,一昨年、北京に[合弁会社]が作られました。,前年，合资公司在北京成立了。,64
628,1792776,7452510,一昨年,【名词】前年,1135408,[一昨年]日本留学をしました。,前年，我去日本留学了。,64
629,1792777,7432015,昨年,【名词】去年,1135409,[昨年]から大量に製造されるようになりました。,从去年起批量生产。,64
630,1792778,7497450,叱る,【他动词・五段/一类】批评，申斥，责备,1136061,子供を[叱り]ます。,批评孩子。,64
631,1792779,7496535,かむ,【他动词・五段/一类】咬，嚼,1135009,犬に[かまれ]ました。,被狗咬了。,64
632,1792780,7496536,誘う,【他动词・五段/一类】邀请，约请,1135410,友人を自宅に[誘い]ます。,邀请朋友来自己家。,64
633,1792781,7496537,巻き込む,【他动词・五段/一类】卷入，卷进,1135411,機械に手を[巻き込まれ]てしまいました。,手被卷进机器里了。,65
634,1792782,7496538,至る,【自动词・五段/一类】到达，达到,1135412,東京に[至り]ます。,到达东京。,65
635,1792783,7496539,見つかる,【自动词・五段/一类】找到，发现,1135413,[見つかられ]ますとやばいですね。,被发现可不妙啊。,65
636,1792784,7496540,踏む,【他动词・五段/一类】踩，踏,1135014,ようやく故郷の地を[踏み]ました。,终于踏上了故乡的土地。,65
637,1792785,7496541,図る,【他动词・五段/一类】谋求；考虑,1135414,大幅なコストダウンを[図り]ます。,谋求大幅度的降价。,65
638,1792787,7496543,盗む,【他动词・五段/一类】盗取，偷盗,1135416,彼は時計を[盗まれ]ました。,他的表被偷了。,65
639,1792788,7496544,起こす,【他动词・五段/一类】叫醒，唤醒,1137905,深い眠りから[起こされ]ました。,从酣睡中被唤醒。,65
640,1792789,8855860,褒める,【他动词・一段/二类】赞扬。夸奖。表扬。,1971093,彼の行動は多くの人に[褒められた]。,他的行动受到很多人的称赞。,65
641,1792790,7496546,求める,【他动词・一段/二类】要求；追求；寻求,1135418,真理を[求め]ます。,追求真理。,65
642,1792791,7496547,いじめる,【他动词・一段/二类】欺负，折磨，欺侮,922385,そんなに[いじめ]ないでください。,请不要那么刁难我。,66
643,1792792,7496548,ぶつける,【他动词・一段/二类】碰上，撞上；扔，投，掷,1135021,塀にボールを[ぶつけ]ました。,把球扔到围墙上。,66
644,1792793,7447576,発見,【名・他动词・サ变/三类】发现,1135419,新大陸を[発見]します。,发现新大陆。,66
645,1792794,7106084,辞職,【名・他动词・サ变/三类】辞职,1135023,[辞職]の意志を表明しました。,表明辞职的意思。,66
646,1792795,7496549,創立,【名・他动词・サ变/三类】成立，创立,1135024,専門学校を[創立]します。,创办专门学校。,66
647,1792796,7496550,依頼,【名・他动词・サ变/三类】委托，请求,1135025,友達に[依頼]して手紙をとどけました。,委托朋友把信送去了。,66
648,1792797,7496551,発売,【名・他动词・サ变/三类】上市，发售，出售,1135026,[発売]と同時に売り切れました。,一出售立即卖光了。,66
649,1792798,7496552,開発,【名・他动词・サ变/三类】开发,1135027,新しい分野を[開発]します。,开辟新的领域。,66
650,1792799,7496553,製造,【名・他动词・サ变/三类】生产，制造,1135028,原料を加工して商品を[製造]します。,加工原料制造商品。,66
651,1792800,7496554,管理,【名・他动词・サ变/三类】管理,1135029,財産の[管理]を母に託しました。,委托母亲进行财产管理。,66
652,1792801,7106111,実現,【名・自他・サ变/三类】实现,1135030,長年の夢を[実現]しました。,实现了长年的梦想。,67
653,1792802,7496555,洗練,【名・他动词・サ变/三类】精炼，洗练,1135420,[洗練]されたデザイン,简洁的设计,67
654,1792803,7457055,放送,【名・他动词・サ变/三类】广播，播送,1135032,ニュースを[放送]します。,播送新闻。,67
655,1792804,7457426,生産,【名・他动词・サ变/三类】生产,1135033,農業[生産]は社会発展の礎です。,农业生产是社会发展的基石。,67
656,1792805,7496556,翻訳,【名・他动词・サ变/三类】翻译，笔译,1137906,この言葉を[翻訳]するのは難しいです。,这句话比较难翻译。,67
657,1792806,7457545,発明,【名・他动词・サ变/三类】发明,1135035,エジソンは電灯を[発明]しました。,爱迪生发明了电灯。,67
658,1792807,7437985,観客,【名词】观众,1135036,この映画は[観客]を感動させました。,这部影片使观众大受感动。,67
659,1792808,7496557,空腹,【名词】空肚子，空腹，饿,1135037,この薬は[空腹]時に服用のことです。,这剂药必须空肚子吃。,67
660,1792809,7101179,大量,【名・形容动词/ナ形容词】大量,1135422,「爽快」は昨年から[大量]に製造されるようになりました。,“爽快”是从去年起批量生产的。,67
661,1792810,7496558,最も,【副词】最,1145959,[最も]適当なものを一つ選びなさい。,选择一个最恰当的答案。,67
662,2236179,7432149,厚さ,【名词】厚度,1135171,この本の[厚さ]は１センチです。,这本书的厚度是1厘米。,68
663,1792811,7496560,ノーベル,【名词】诺贝尔,1135424,あの人は[ノーベル]賞をもらいましょう。,那个人应该会获诺贝尔奖吧。,68
664,1792812,7496561,オーストラリア,【名词】澳大利亚,1135425,カンガルーは[オーストラリア]にすんでいます。,袋鼠生活在澳洲。,68
665,1792813,7430924,責任者,【名词】负责人,1135426,太田さんは[責任者]です。,太田是负责人。,68
666,1792814,7447333,同僚,【名词】同事,1135044,[同僚]が預かったままだったんです。,由同事保管着。,68
667,1792815,7496562,幅広い,【形容词/イ形容词】广泛，宽广，辽阔,1135427,[幅広い]支持を得ます。,获得广泛的支持。,68
668,1792816,7496563,大幅,【形容动词/ナ形容词】大幅（度），广泛,1135428,[大幅]なコストダウン,大幅度降低成本,68
669,1792817,7496564,換気,【名・他动词・サ变/三类】换气,1135429,窓をあけてちょっと[換気]しましょう。,打开窗户稍通一下风吧。,68
670,1792818,7496565,留守,【名词】不在家,1135430,家を[留守]にします。,家里没有人。,68
671,1792819,7496566,講堂,【名词】讲堂,1135431,この[講堂]は2千人収容できます。,这个礼堂能容纳两千人。,68
672,1792820,7496567,昼間,【名词】白天，白日,1135050,彼はしばしば[昼間]休んで、晩に働きます。,"他常常白天睡觉,晚上工作。",69
673,1792821,7496568,日程,【名词】日程,1135432,今日の会議は議事[日程]が三つあります。,今天的会议有三项议程。,69
674,1792822,7496569,次回,【名词】下次，下回,1135433,[次回]は必ず診察券を持って来てください。,下次务必请带挂号证来。,69
675,1792823,7496570,目覚まし,【名词】闹钟；叫醒,1135434,[目覚まし]をかけておきました。,已经上好闹钟了。,69
676,1792824,7101396,企画案,【名词】策划方案,1135435,[企画案]がまだ届いていません。,策划方案还没有送到。,69
677,1792825,7496571,お返事,【名词】回信,1135055,来週中には、[お返事]できるはずです。,应该能在下周收到回信。,69
678,1792826,7437946,行き先,【名词】去的地方，目的地,1135436,彼女の発案で[行き先]を変更します。,根据她的提议改变目的地。,69
679,1792827,7496572,アラーム,【名词】闹钟，闹铃,1137907,[アラーム]がないと、朝は起きられませんよ。,没有闹钟，我早上可起不来啊。,69
680,1792828,7496573,預かる,【他动词・五段/一类】保管，收存,1135438,荷物を[預かり]ます。,保管行李。,69
681,1792829,7496574,気づく,【自动词・五段/一类】发觉，发现,1135439,自分の誤りに[気づき]ました。,发现了自己的错误。,69
682,1792830,7496575,冷やす,【他动词・五段/一类】冰镇，冷却,1135060,すいかをよく[冷やして]食べます。,把西瓜好好冰镇一下再吃。,70
683,1792831,7454972,思い出す,【他动词・五段/一类】想起，想出,1135061,そのことは今でも時々[思い出し]ます。,那件事情现在也时常想起来。,70
684,1792832,7496576,告げる,【他动词・一段/二类】说，告诉,10183227,親友に別れを[告げ]ます。,向挚友告别。,70
685,1792833,7496577,冷える,【自动词・一段/二类】变冷；感觉凉,1135063,足が[冷えて]眠れません。,脚凉得睡不着。,70
686,1792834,7496578,信じる,【他动词・一段/二类】相信，信任,1135441,彼の言うことは[信じられ]ません。,他的话不能信。,70
687,1792835,7496579,折れる,【自动词・一段/二类】折，断；拐弯,1135065,本のページが[折れて]いますよ。,书页折了呀。,70
688,1792836,7496580,出勤,【自动词・サ变/三类】上班，出勤,1135066,毎日電車に乗って[出勤]します。,每天坐电车上班。,70
689,1792837,7496581,セット,【名・他动词・サ变/三类】设定，设置,1135067,背景を[セット]します。,设定背景。,70
690,1792838,7430621,検討,【名・他动词・サ变/三类】讨论,1135442,早速、企画案を[検討]してみます。,赶快讨论一下企划案吧！,70
691,1792839,7448684,正しい,【形容词/イ形容词】正确的,1135069,あなたの考えは全く[正しい]です。,你的想法完全正确。,70
692,1792840,7496582,当然,【形容动词/ナ形容词】当然，应当,1135070,彼女が怒るのも[当然]です。,她生气是理所当然的。,71
693,1792841,7496583,確か,【副词・形容动词/ナ形容词】确实，确切；大概,1135071,[確か]おいしいですね。,确实美味。,71
694,1792842,7496584,丈夫,【形容动词/ナ形容词】牢固，结实,1135072,この織物は[丈夫]です。,这个料子结实。,71
695,1792843,7496585,早速,【副词】马上，立即,1135073,[早速]、資料を届けさせていただきます。,我马上把资料送过去。,71
696,1792844,7448631,直接,【副词】直接,1135074,太田さんに[直接]渡したんですか。,是直接交给太田先生吗？,71
697,1792845,8513912,きっと,【副词】一定,1135075,[きっと]来るでしょう。,一定会来的。,71
698,1792846,7496587,だって,【接续助词】可是，但是,1135444,[だって]、ほんとうに暇がないんです。,可是，我实在没有空。,71
699,1792847,7496588,お手伝い,【名词】帮忙，帮助,1135445,[お手伝い]できないのは本当に残念です。,我不能帮你，真是很抱歉。,71
700,1792848,7457557,乗り換え,【名词】换车，换乘,1135446,この駅は[乗り換え]が分かりにくいです。,这个车站换车很难搞清楚。,71
701,1792849,7496589,考え,【名词】想法，思想,1135079,あなたの[考え]は全く正しいです。,你的想法完全正确。,71
702,1792850,7496590,女性向け,【名词】女性专用，专为女性,1135080,これは[女性向け]の商品です。,这是女性专用的商品。,72
703,1792851,7496591,申し出,【名词】申请，提议,1135447,これはあなたの[申し出]の件について検討した結果です。,这是根据你的提议所讨论的结果。,72
704,1792852,7457067,感じ,【名词】感觉,1135082,力強い[感じ]を受けませんか。,感受到强有力的感觉了吗？,72
705,1792853,8850967,多く,【名・副】多半。大多。大多数。,1964372,[多く]はそうならない。,多半不会那样。,72
706,1792854,7458694,部下,【名词】部下,1135448,駅まで[部下]に送らせましょうか。,我让部下送你到车站吧！,72
707,1792855,7496593,監督,【名词】教练，领队,1135085,彼はその野球クラブの[監督]です。,他是那家棒球俱乐部的教练。,72
708,1792856,7496594,選手,【名词】运动员，选手,1135086,彼は卓球の[選手]に選ばれました。,他被选为乒乓球选手。,72
709,1792857,7432248,消費者,【名词】消费者,1135087,商品のイメージがぐっとよくなって、[消費者]が安心して買えると思います。,我想这样商品形象更加好，消费者也会放心购买。,72
710,1792858,7496595,案内役,【名词】向导，导游,1135088,彼女の職業は[案内役]です。,她的职业是导游。,72
711,1792859,7496596,プレゼン,【名词】策划方案说明（会）,1137908,CS会社の[プレゼン]、誰に行ってもらいましょうか。,CS公司的策划方案说明会，您打算让谁去？,72
712,1792860,7458008,親,【名词】双亲，父母,1135089,[親]はいつでも自分を支えています。,父母无论何时都支持自己。,73
713,1792861,7496597,アルファベット,【名词】英语字母，拉丁字母,1135091,[アルファベット]は分かりにくいです。,英语字母比较难懂。,73
714,1792862,7496598,イメージ,【名词】形象，印象,1135092,英語が分らない人に商品の[イメージ]が浮かびにくいと思います。,不懂英语的人恐怕不能想出商品的样子。,73
715,1792863,7496599,インパクト,【名词】冲击力，力量感,1135450,やはり[インパクト]のあるものが必要です。,果然还是需要有冲击力。,73
716,1792864,7496600,ガラス,【名词】玻璃，玻璃杯,1135094,このカップは[ガラス]で作られたものです。,这杯子是由玻璃制成的。,73
717,1792865,7496601,親近感,【名词】亲切感,1135095,多くの人に[親近感]を感じさせるものが理想的です。,能让更多的人感受到亲近感是最理想的。,73
718,1792866,7496602,品質,【名词】质量，品质,1135096,[品質]が悪いと、安くても売れません。,质量不好，即使便宜也卖不出去。,73
719,1792867,7496603,プレゼンテーション,【名词】策划方案说明会,1137909,CS会社の[プレゼンテーション]、誰に行ってもらいましょうか。,CS公司的策划方案说明会，您打算让谁去？,73
720,1792868,7447611,物価,【名词】物价,1135098,[物価]は天井知らずに上がっています。,物价无止境地上涨。,73
721,1792869,7430968,免税店,【名词】免税店,10007786,[免税店]の商品は他の店より安いです。,免税店商品的价格比其他店要便宜。,73
722,1792870,7430868,説明書,【名词】说明书,1135100,[説明書]のとおりにやれば、絶対に大丈夫です。,照说明书做，准保没错儿。,74
723,1792871,7496604,塾,【名词】私塾，补习学校,1135101,[塾]の中からの読書の声が聞こえています。,能听到从补习学校里传来的读书声。,74
724,1792872,7430991,例文,【名词】例句,1135102,[例文]を参照して次の問いに答えます。,参照例句回答下列问题。,74
725,1792873,7432302,会場,【名词】会场,1135103,この[会場]にいると違和感を感じます。,在这个会场觉得自己很不谐调。,74
726,1792874,7496605,設備,【名词】设备,1159725,このアパートには冷暖房[設備]がある。,这栋楼里有冷暖气设备。,74
727,1792876,7496606,洗濯物,【名词】洗的衣服,1135105,[洗濯物]入れてよ。,把要洗的衣服放进去。,74
728,1792877,7496607,もの,【名词】东西，事物,1135106,ネーミングですが、理解しやすくて単純な[もの]がいいと考えます。,名字的话，我们认为容易理解比较单纯的好一点。,74
729,1792878,7496608,字,【名词】字,1135107,[字]が上手です。,字写得好。,74
730,1792879,7447331,妻,【名词】妻子,1135108,私の[妻]はとても優しいです。,我的妻子十分温柔。,74
731,1792880,7496609,我々,【代词】我们,1136847,[我々]は最善を尽くしました。,我们尽可能做到最好了。,74
732,1792881,7496610,引っ張る,【他动词・五段/一类】拉，拽,1135110,あの人は語尾を[引っ張る]くせがあります。,他有拖长词尾的习惯。,75
733,1792882,7496611,浮かぶ,【自动词・五段/一类】想起，浮，浮现,1135111,英語が分らない人に商品のイメージが[浮かび]にくいと思います。,不懂英语的人恐怕不能想出商品的样子。,75
734,1792883,7496612,整う,【自动词・五段/一类】齐备，完备,1135112,目鼻だちが[整って]います。,眉目整齐。,75
735,1792884,7496613,乾く,【自动词・五段/一类】干，干燥,1135113,運動着が[乾く]まで仮にこのシャツを着ますよ。,在运动服干之前暂时先穿这件衬衫 ,75
736,1792885,7496614,暮らす,【自他・五段/一类】生活,1135114,うかうかと日を[暮らし]ます。,虚度光阴。,75
737,1792886,7496615,避ける,【他动词・一段/二类】回避，避免,1135115,アルファベットは分かりにくいので、[避けた]ほうがいいのではないでしょうか。,英语字母比较难懂，还是避开为好。,75
738,1792887,7496616,売れる,【自动词・一段/二类】好卖，畅销,1137910,[売れ]過ぎて、笑いが止まらなくなるかもしれませんよ。,也许畅销得大家会笑得合不拢嘴呢！,75
739,1792888,7496617,受ける,【自他・一段/二类】感受，受到,1135117,力強い感じを[受け]ませんか。,感受到强有力的感觉了吗？,75
740,1792889,7496618,温める,【他动词・一段/二类】热，温,1135118,ご飯をちょっと[温めて]ください。,把饭热一热。,75
741,1792890,7496619,理解,【名・他动词・サ变/三类】理解,1135119,ネーミングですが、[理解]しやすくて単純なものがいいと考えます。,名字的话，我们认为容易理解比较单纯的好一点。,75
742,1792891,7496620,提案,【名・他动词・サ变/三类】建议，提案,1891947,彼の[提案]は入れられなかった。 , 他的建议未被采纳。,76
743,1792892,7496621,試作,【名・他动词・サ变/三类】试作，试制,1135121,今、デザイナーにいくつか[試作]させています。,现在在让设计师试做几个样本。,76
744,1792893,7496622,経験,【名・他动词・サ变/三类】经验，经历,1135453,あらゆる正しい知識は、全て直接的な[経験]からきたものです。,一切真知都是来源于直接经验的。,76
745,1792894,7459265,暗記,【名・他动词・サ变/三类】熟记，背诵,1108528,習ったことを全部[暗記]すれば、外国語は上達する。,学的东西都能背下来的话，外语就能有进步。,76
746,1792895,7496623,早退,【自动词・サ变/三类】早退,1136848,用事があるので、午後[早退]します。,因为有事，所以下午早退。,76
747,1792896,7496624,休職,【名・自动词・サ变/三类】（暂时）停职,1135124,病気のため[休職]します。,因病停职休假。,76
748,1792897,7496625,力強い,【形容词/イ形容词】强有力；心里踏实,1135125,[力強い]感じを受けませんか。,感受到强有力的感觉了吗？,76
749,1792898,7496626,柔らかい,【形容词/イ形容词】柔软,1135126,これは[柔らかく]て、まるで本物の毛皮のようです。,这柔软度就像真的毛皮一样。,76
750,1792899,7496627,硬い,【形容词/イ形容词】硬,1135127,この肉は[硬く]て食べられません。,这肉硬得没法吃。,76
751,1792900,7478943,厚い,【形容词/イ形容词】厚,1135128,この辞典はずいぶん[厚い]ですね。,这本词典真厚啊。,76
752,1792901,7496628,重要,【形容动词/ナ形容词】重要,1135129,私には時間がもっとも[重要]ですね。,对我来说时间是最重要的。,77
753,1792902,7496629,単純,【形容动词/ナ形容词】单纯,1135130,ネーミングですが、理解しやすくて[単純]なものがいいと考えます。,名字的话，我们认为容易理解比较单纯的好一点。,77
754,1792903,7496630,理想的,【形容动词/ナ形容词】理想,1135131,多くの人に親近感を感じさせるものが[理想的]です。,能让更多的人感受到亲近感是最理想的。,77
755,1792904,7496631,具体的,【形容动词/ナ形容词】具体,1135132,では、ネーミングについて[具体的]に提案させてください。,那么，让我具体谈一谈名称。,77
756,1792905,7496632,斬新,【形容动词/ナ形容词】新颖，崭新,1135133,今回、赤と黄色を使った[斬新]なデザインを考えてみました。,这次，我们考虑设计以红色和黄色为基调的新颖图案。,77
757,1792906,8858978,ぐっと,【副词】哑口无言。深受感动。,1975450,問い詰められて[ぐっと]言葉に詰まる。,被问住答不上话来。,77
758,1792907,7496634,例えば,【副词】比如，例如,1137911,[例えば]、これはどうでしょう？,例如这个怎么样？,77
759,1792908,7496635,しかも,【接续词】而且,1135136,[しかも]、多くの人に親近感を感じさせるものが理想的です。,而且，能让更多的人感受到亲近感是最理想的。,77
760,1792909,7496636,そこで,【接续词】因此，于是，所以；那么,1135137,[そこで]、ぜひ、詳しいお話を伺いたいのですが。,因此，很想了解详细情况。,77
761,1792910,7496637,社員旅行,【名词】全社旅行,1137912,今度の[社員旅行]は韓国へ行くらしいです。,这回的全社旅行似乎要去韩国呢！,77
762,1792911,7496638,新入社員,【名词】新来的职员,1135139,朝、早くから彼は[新入社員]の家を訪ねに出かけました。,一清早，他就外出拜访新职工家庭去了。,78
763,1792912,7431082,会議場,【名词】会场,1135140,[会議場]は大講堂です。,会场在大讲堂。,78
764,1792913,7496639,国際会議,【名词】国际会议,1135141,今回の[国際会議]は開幕から閉幕まで前後2週間かかりました。,这次国际会议从开幕到闭幕前后花费了两个星期。,78
765,1792914,7437774,ビアガーデン,【名词】庭院式的啤酒店,1135142,ゆうべ行った[ビアガーデン]はなかなかよかったですね。,昨晚去的庭院式的啤酒店真不错啊。,78
766,1792915,7499782,大型スーパー,【名词】大型超市,1135143,家の周りに[大型スーパー]が一つあります。,我家附近有个大型超市。,78
767,1792916,7457604,湖,【名词】湖,1135144,この[湖]の深浅は不明です。,这个湖深浅不明。,78
768,1792917,7496641,パトカー,【名词】警车，巡逻车,1097029,[パトカー]のサイレンが聞こえます。事故があったんですか。,听到警车在叫，发生事故了吗？,78
769,1792918,7496642,サイレン,【名词】警笛，警报器,1135145,パトカーの[サイレン]が聞こえます。事故があったんですか。,听到警车在叫，发生事故了吗？,78
770,1792919,7426292,アニメ,【名词】动画片,1135146,好きな[アニメ]は何ですか。,喜欢的动画是哪部？,78
771,1792920,7478717,パワー,【名词】【英】power；机械动力；力量，能量，能力，干劲。（権力。また，軍事力）。,844073,スチューデント・[パワー],学生运动。,78
772,1792921,7496644,心,【名词】心,1135148,これが一番私の[心]に相応しいものです。,这是最合我意的东西。,79
773,1792922,7496645,態度,【名词】态度,1135149,相手がどういう[態度]に出るかまだわかりません。,还不知道对方采取怎样态度。,79
774,1792923,7458492,性格,【名词】性格,1135150,その夫婦は[性格]が違います。,夫妻性格不同。,79
775,1792924,7496646,評判,【名词】评价，评论,1135151,けっこう[評判]がいいみたいなんですよ。,评价好像很不错啊。,79
776,1792925,7496647,行列,【名词】行列，队伍,1135152,事故で自動車が何台も[行列]しています。,由于事故，好多辆汽车排成了队。,79
777,1792926,7432359,容器,【名词】容器,1137913,[容器]のデザインも好評らしいです。,容器的设计也很受好评呢！,79
778,1792927,7432025,内容,【名词】内容,1135154,この絵には[内容]がありません。,这张画没有内容。,79
779,1792928,7455133,売れ行き,【名词】销路，销售（情况）,1137914,[売れ行き]がどうなるか、楽しみですね。,销路会如何，真期待呢！,79
780,1792929,7496648,乗り物,【名词】乘坐物,1019453,そこへ行くのに何か[乗り物]がありませんか。,往那儿去有什么交通工具吗？,79
781,1792930,7431123,汗,【名词】汗,1135157,[汗]がぽたぽた流れます。,滴滴答答地淌汗。,79
782,1792931,7447038,倍,【名词】倍，加倍,1101414,3の[倍]は6です。,三的二倍是六。,80
783,1792932,7454748,縦,【名词】纵，竖,1135158,字を[縦]に書きます。,竖着写字。,80
784,1792933,7496649,中国全土,【名词】全中国,1137915,今度は、[中国全土]で売り出すようです。,今后好像准备在中国全境上市呢！,80
785,1792934,7496650,長期予報,【名词】长期预报,1135160,天気予報の[長期予報]は信じられません。,天气预报的长期预报不可信。,80
786,1792935,7437806,笑い,【名词】笑,1137916,[笑い]が止まらなくなるかもしれませんよ。,可能会笑得合不拢嘴呢！,80
787,1792936,7496651,暑さ,【名词】暑热，暑气,1137917,この[暑さ]はいつまで続くんでしょう。,这热要持续到什么时候啊？,80
788,1792937,7101952,美しさ,【名词】美好，美丽程度,1135163,その景色の[美しさ]は筆に書き尽くせませんよ。,那片风景的美丽非笔墨所能形容。,80
789,1792938,7496652,面白さ,【名词】趣味，有趣程度,1137918,この本の[面白さ]はどうですか。,这本书的有趣程度如何呀？,80
790,1792939,7496653,大きさ,【名词】大小,1137919,この部屋の[大きさ]は八畳です。,这个房间八块席子大。,80
791,1792940,7496654,高さ,【名词】高度,1135165,この2本の木は[高さ]が同じくらいです。,这两棵树高矮差不多。,80
792,1792941,7496655,深さ,【名词】深度,1135166,この井戸の[深さ]を知りたいのです。,我想知道这口井的深浅。,81
793,1792942,7432518,長さ,【名词】长度,1135167,ものさしで[長さ]を量ります。,用尺量长度。,81
794,1792943,7496656,広さ,【名词】面积,1135168,このホテルの[広さ]はどれくらいですか。,这家饭店有多大面积?,81
795,1792944,7496657,太さ,【名词】粗（度）,1135169,その木の[太さ]はどのくらいですか。,那树有多粗？,81
796,1792945,7431914,重さ,【名词】重量,1135170,このゾウの[重さ]はどれぐらいですか。,这头象有多重?,81
797,1792947,7432143,速さ,【名词】速度,1135172,それは及びもつかない[速さ]です。,那是望尘莫及的速度。,81
798,1792949,7496659,複雑さ,【名词】复杂程度,1135174,情勢の[複雑さ]を見極めるのは必要です。,认清形势的复杂程度是有必要的。,81
799,1792950,7496660,おいしさ,【名词】美味，好吃程度,1135175,何と言っても[おいしさ]ですが、容器のデザインも好評らしいです。,首先是好喝，容器的设计也很受欢迎。,81
800,1792951,7496661,重要さ,【名词】重要性，重要程度,1135176,ネーミングとデザインの[重要さ]を実感しましたね。,切实感受到了名字与设计的重要性。,82
801,1792952,7496662,甘さ,【名词】甜度,1137920,[甘さ]が控えめで、確かにおいしいですね。,甜度适中，确实很好喝呢！,82
802,1792953,7496663,広がる,【自动词・五段/一类】蔓延，拓宽,1892732,うわさが町中に[広がる]。,谣言蔓延到全镇。,82
803,1792954,7496664,戻る,【自动词・五段/一类】返回，回到,1135179,夜１２時に、家に[戻り]ました。,夜里12点回到家。,82
804,1792955,7496665,驚く,【自动词・五段/一类】惊讶，吃惊,1135180,[驚いて]、どうしてよいかわかりません。,吓得不知怎么办好。,82
805,1792956,7496666,しゃれる,【自动词・一段/二类】别致，风趣；打扮得漂亮,1136811,あの娘はいつも[しゃれて]います。,那个姑娘总是打扮得很漂亮。,82
806,1792957,7496667,実感,【名・他动词・サ变/三类】切实感受，真切感受,1135182,ネーミングとデザインの重要さを[実感]しましたね。,切实感受到了名字与设计的重要性。,82
807,1792958,7496668,深い,【形容词/イ形容词】深,1135183,あの医者は医学上の理論の造詣が[深い]です。,那位医生医学上的理论造诣很深。,82
808,1792959,7496669,おとなしい,【形容词/イ形容词】温顺，老实,1135184,この子はとても[おとなしい]です。,这个孩子很老实。,82
809,1792960,7496670,恥ずかしい,【形容词/イ形容词】害羞，难为情,1135185,みんなの前でスピークをするなんて、想像でも[恥ずかしい]です。,在大家面前演讲什么的，想想都好难为情。,82
810,1792961,7496671,珍しい,【形容词/イ形容词】珍奇，新奇,1135186,10月に雪が降るのは、[珍しい]ことではありません。,十月下雪不是什么新奇的事。,83
811,1792962,7496672,豪華,【形容动词/ナ形容词】豪华，奢华,1135187,この本は装飾がたいへん[豪華]です。,这本书的装潢很奢华。,83
812,1792963,7496673,好調,【形容动词/ナ形容词】顺利，情况良好,1136812,エンジンが[好調]に動きます。,发动机运转情况良好。,83
813,1792964,7496674,控えめ,【形容动词/ナ形容词】分量少，节制，控制；拘谨,1135189,あの人は[控えめ]な人です。,他是个拘谨的人。,83
814,1792965,7550524,好評,【名・形容动词/ナ形容词】好评,1176970,[好評]を得る。,得到好评。,83
815,1792966,7496676,大事,【形容动词/ナ形容词】重要，宝贵,1135191,お[大事]に。,保重。,83
816,1792967,7552076,便,【名词】航空的班次,1178582,次の[便]に乗る。,乘下一次航班。,83
817,1792968,7496678,平均年齢,【名词】平均年龄,1137923,この町の人の[平均年齢]は75歳です。,这个城的人的平均年龄是75岁。,83
818,1792969,7431067,人口,【名词】人口,1135194,少子化が進んで、日本の[人口]はだんだん減っていくでしょう。,少子化现象日益加剧，日本人口将不断减少。,83
819,1792970,7434008,かなり,【副词・形容动词/ナ形容词】颇，相当,1135195,[かなり]疲れています。,相当累。,83
820,2237031,7494170,フリーズ,【名・自动词・サ变/三类】死机,1133250,そのパソコンは、偶に[フリーズ]することがあります。,这个电脑有时候会死机。,84
821,1792971,7496679,少子化,【名词】孩子减少现象,1135196,[少子化]が進んで、日本の人口はだんだん減っていくでしょう。,少子化现象日益加剧，日本人口将不断减少。,84
822,1792972,7437890,近代化,【名词】现代化,1135197,上海は急速に[近代化]が進んでいます。,上海近年来现代化进程非常快。,84
823,1792973,7458981,地球温暖化,【名词】地球变暖现象,1135198,[地球温暖化]はますます厳しくなります。,地球变暖现象越来越严峻。,84
824,1792974,7496680,平均気温,【名词】平均气温,1135199,今の[平均気温]は昔より高いです。,现在的平均气温比以前要高。,84
825,1792975,7496681,時間帯,【名词】时间段,1135200,混雑した[時間帯]を避けて出勤します。,避开拥挤的时间上班。,84
826,1792976,7496683,便,【名词】方便，便利,1135202,ホテルや交通の[便]がよくなりましたからね。,因为交通、住宿都方便了啊。,84
827,1792977,7496684,アクセス,【名词】连接，衔接,1135203,空港から市内までの[アクセス]がよくなりました。,从机场到市内的交通方便了。,84
828,1792978,7496685,リニアモーターカー,【名词】磁悬浮列车,1135204,何年か前に[リニアモーターカー]が開通したんですよね。,几年前开通了磁悬浮列车，对吧？,84
829,1792979,7431300,交通,【名词】交通,1136814,ここは[交通]が便利です。,这里交通很便捷。,84
830,1792980,7496686,けっこう,【副词・形容动词/ナ形容词】很，相当,1135205,[けっこう]評判がいいみたいなんですよ。,评价好像很不错啊。,85
831,1792981,7431537,市内,【名词】市内,1135206,空港から[市内]までのアクセスがよくなりました。,从机场到市内的交通方便了。,85
832,1792982,7496687,田舎,【名词】乡下，农村,1135207,[田舎]の人は素朴です。,乡下人朴实。,85
833,1792983,7496688,中心地,【名词】中心地区,1135208,あそこが上海の[中心地]です。,那边是上海的中心地带。,85
834,1792984,7496689,琵琶湖,【名词】琵琶湖,1135209,[琵琶湖]は滋賀県にあります。,琵琶湖在滋贺县。,85
835,1792985,7063527,現代人,【名词】现代人,1135210,[現代人]には、ハングリーな精神が欠けています。,现代人缺乏不断追求的精神。,85
836,1792986,7496690,よさ,【名词】长处，好处,1136849,住めば住むほど、上海の[よさ]が分かります。,在上海住得越久，就越了解上海的好处。,85
837,1792987,7496691,調子,【名词】情况，状况；势头,1136816,体の[調子]がよくありません。,身体状况不太好。,85
838,1792988,7431728,部屋代,【名词】房租,1135213,[部屋代]を清算します。,清算房租。,85
839,2188951,7496692,高齢者,【名词】高龄者,10170928,[高齢者]にとって、山に登るのはちょっと難しいですね。,对高龄者来说，登山有点困难吧。,86
840,1792989,7431649,森林,【名词】森林,1135214,[森林]は地球の肺です。,森林是地球之肺。,86
841,1792990,7431960,地球,【名词】地球,1136817,[地球]に優しいです。,对地球（环境保护）有利。,86
842,1792991,7102223,冷凍食品,【名词】冷冻食品,1135216,私は[冷凍食品]をよく食べます。,我常吃冷冻食品。,86
843,1792993,7496693,喫煙者,【名词】吸烟者,1136818,一般的、[喫煙者]の肺はあまりよくありません。,一般说来，吸烟者的肺都不大好。,86
844,1792994,7496694,旅行者,【名词】旅行者,1135219,彼女は[旅行者]に憧れを抱きます。,她对旅行者抱有憧憬。,86
845,1792995,7496695,利用者,【名词】使用者,1135220,[利用者]たちは環境を保護する責任があります。,使用者们有保护环境的责任。,86
846,1792996,7496696,悩み,【名词】烦恼,1135221,[悩み]は誰にでもあります。,谁都有烦恼。,86
847,1792997,7496697,町並み,【名词】市容，街道，街景,1137921,[町並み]が大きく変わってきましたからね。,因为市容变化很大呢！,86
848,1798023,7102193,ひどい,【形容词/イ形容词】残酷，过分；激烈,923349,そんなことを言うなんて、[ひどい]です。,说那种话，真是太过分了。,87
849,1792998,7458749,売り上げ,【名词】销售额，营业额,1135223,これは一週間の[売り上げ]です。,这是一周的销售额。,87
850,1792999,7549601,憧れ,【名词】仰慕；憧憬，向往,1175958,幸福な生活への[憧れ]は美しい。,对幸福生活的憧憬很美好。,87
851,1793000,7496699,進む,【自动词・五段/一类】加重，前进,1137924,焦らずに、着実に一歩一歩[進み]ます。,不焦不躁踏踏实实地稳步前进。,87
852,1793001,7449030,磨く,【他动词・五段/一类】刷，擦,1135226,朝ご飯を食べるまえに、歯を[磨いて]ください。,吃早餐前请先刷牙。,87
853,1793002,7496700,曇る,【自动词・五段/一类】天阴,1135227,明日は[曇る]かもしれません。,明天可能是阴天。,87
854,1793003,7496701,似る,【自动词・一段/二类】像，相似,1137922,なんか東京に[似て]いますね。,总觉得有些像东京呢！,87
855,1793004,7496702,ライトアップ,【名・他动词・サ变/三类】景观照明,1135229,[ライトアップ]なんか、実は無用です。,景观照明什么的，其实没啥用。,87
856,1793005,7496703,雨宿り,【自动词・サ变/三类】避雨。多指为突降的暴雨所困，于避雨处等候雨停。,1135230,ちょっと[雨宿り]しましょうか。,避一下雨吧。,87
857,1793007,7496705,手軽,【形容动词/ナ形容词】简便，简单，轻便,1135232,おいしいし、[手軽]だし、私は冷凍食品をよく食べます。,又美味，又轻便，我经常吃冷冻食品。,88
858,1793008,7496706,急速,【形容动词/ナ形容词】迅速，快速,1136850,上海は[急速]に近代化が進んで、町並みが大きく変わってきました。,上海的近代化进程非常快，市容也有很大变化。,88
859,1793009,7496707,以前,【名词・副词】以前,1136821,[以前]住んでいたことがあるんですが、とても住みやすいところです。,以前我在这住过，真的是住的很开心的地方。,88
860,1793010,7496708,どんどん,【副词】连接不断地，接二连三地,1135235,創作力が[どんどん]湧き出ます。,灵感不断冒出来。,88
861,1793011,7496709,なんか,【副词】有点，总觉得，有些，好像,1136822,[なんか]東京に似ています。,总觉得有些像东京。,88
862,1793012,7496710,年々,【副词】逐年，每年,1135237,東京に流入する人口は[年々]増えています。,流入东京的人口年年增加。,88
863,1793013,7062672,毛皮,【名词】毛皮,1176374,[毛皮]のコートを着る。,穿毛皮大衣。,88
864,1793014,7496711,本物,【名词】真货，真东西,1136823,これは[本物]ですか。,这是真货吗？,88
865,1793015,7496712,柄,【名词】花纹，花样,1136824,この着物はいかにも日本らしい[柄]です。,这和服的花纹是典型的日本花样。,88
866,2033447,8594987,寒気,【名词】寒冷，寒战,1159499,[寒気]がする。,觉得寒冷。,89
867,1793016,7144292,レモン,【名词】柠檬,1136825,この野菜、[レモン]のような味がします。,这菜有股柠檬的味道。,89
868,1793017,7455548,味噌汁,【名词】酱汤,1135242,[味噌汁]はとても美味しいです。,酱汤真美味。,89
869,1793018,7496713,お祭り,【名词】祭日，节日,1135243,村は[お祭り]のように賑やかです。,村里像过节一样热闹。,89
870,1793019,7496714,ますます,【副词】越来越，更加,1135244,インフレは[ますます]悪性になっています。,通货膨胀越来越严重。,89
871,1793020,7437565,オートバイ,【名词】摩托车,1096605,[オートバイ]で通学するのは校則違反だ。,骑摩托车上学是违反校规的。,89
872,1793021,7496715,インタビュー,【名词】采访,1135246,うるさそうに[インタビュー]を拒否しました。,很不耐烦地拒绝了采访。,89
873,1793022,7496716,プラン,【名词】计划,1135247,この[プラン]は見直す必要があります。,这个计划需要重新研究。,89
874,1793023,7496717,頭痛,【名词】头疼,1135248,ひどく[頭痛]がします。,头疼得厉害。,89
875,1793025,7496719,吐き気,【名词】恶心，想要呕吐,1135250,船に酔って[吐き気]を催します。,晕船觉得恶心。,90
876,1793026,7496720,家事,【名词】家务活,1135251,毎日[家事]に追われます。,每天忙于家务事。,90
877,1793027,7496721,面接,【名词】面试,1135252,もう最終の[面接]ですから、頑張ってください。,已经是最终面试了，加油啊。,90
878,1793028,7496722,出来事,【名词】事情，事件,1135253,われわれは新聞で世界の[出来事]を知ります。,我们凭报纸知道世界上发生的事件。,90
879,1793029,7496723,意見,【名词】意见,1135254,他人の[意見]に賛成します。,赞成他人的意见。,90
880,1793030,7496724,開設,【名・他动词・サ变/三类】开设,1137925,来月の初めまでには、[開設]の準備を済ませたいです。,我想到下月初完成所有的开张准备工作。,90
881,1793031,6675265,候補地,【名词】候选地,1135256,今日中に事務所の[候補地]を探すんですよね。,今天一整天都在找事务所的候选地呢。,90
882,1793032,7496726,周り,【名词】一带，周围,1136829,家の[周り]もずいぶん変わりました。,家周围也发生了很大的改变。,90
883,1793033,8994057,明るさ,【名词】明朗，快活，亮度,2067817,本を読むために、適度な[明るさ]が必要です。,看书有合适的亮度是很重要的。,90
884,1793034,7496728,におい,【名词】味道，气味,1136830,いい[におい]です。,好闻的味道。,91
885,1793035,7430866,せっけん,【名词】肥皂,1135260,この[せっけん]は泡立ちがよいです。,这种肥皂泡沫多。,91
886,1793036,7431823,香水,【名词】香水,1135261,[香水]のにおいがぷんぷんします。,香水味道冲鼻。,91
887,1793037,7496729,ラン,【名词】兰花,1135262,私が大好きな花は[ラン]です。,我最喜欢的花是兰花。,91
888,1793038,7496730,末,【名词】末尾，末了,10183292,今月の[末]までに届くように出してください。,请在这个月月底之前寄到。,91
889,1793039,7496731,初め,【名词】最初,1137926,来月の[初め]までには、開設の準備を済ませたいです。,我想到下月初完成所有的开张准备工作。,91
890,1793040,7496732,半月,【名词】半月，半个月,1135265,この梨の品種は普通のより[半月]ほど早熟です。,这种梨比一般梨大约早熟半个月。,91
891,1793041,8860154,モデル,【名词】模范。样板。典型。榜样。,1977076,実物を[モデル]としてデザインする。,以实物为样板进行设计。,91
892,1793042,7496734,警察官,【名词】警察,1135267,すりは[警察官]に捕まれました。,小偷被警察抓到了。,91
893,1793043,7496735,お相撲さん,【名词】相扑选手,1135268,[お相撲さん]の力は強いでしょう。,相扑选手的力气很大吧。,92
894,1793044,7496736,歌舞伎役者,【名词】歌舞伎演员,10183228,一番最初の[歌舞伎役者]は女の人です。,最早的歌舞伎演员是女性。,92
895,1793045,7496737,水泳選手,【名词】游泳选手,1135270,彼は優れた[水泳選手]です。,他是个优秀的游泳选手。,92
896,1793046,7496738,済む,【自动词・五段/一类】结束，完了,1136834,「すみません」って[済み]ますか。,说句对不起就解决了吗？,92
897,1793047,7496739,積もる,【自他・五段/一类】堆积；积攒,1135272,机の上にたくさんちりが[積もり]ました。,桌子上积了好多尘土。,92
898,1793048,7496740,過ごす,【他动词・五段/一类】度过；生活,1135273,楽しい夏休みを[過ごし]ました。,度过愉快的暑假。,92
899,1793049,7496741,微笑む,【自动词・五段/一类】微笑,1135274,お客様を[微笑み]ながら迎えます。,微笑着迎接客人。,92
900,1793050,7496742,伸ばす,【他动词・五段/一类】延长,1136835,今日できることを明日に[伸ばさ]ないでください。,今天能完成的事情请不要拖延到明天。,92
901,1793051,7434494,済ませる,【他动词・一段/二类】弄完；偿清；还清,923579,早く仕事を[済ませて]家に帰りなさい。,快点干完活回家吧。,92
902,1793052,8869092,枯れる,【自动词・一段/二类】枯萎。枯死。干枯。,1987154,木が[枯れる]。,树枯萎。,93
903,1793053,7496745,発送,【名・他动词・サ变/三类】发送，寄送,1135278,これらの木材はいつ[発送]しますか。,这批木材计划什么时候起运？,93
904,1793054,7496746,緊張,【自动词・サ变/三类】紧张,1135279,初対面なのでいくらか[緊張]します。,因为是第一次见面，心里略微有些紧张。,93
905,1793055,7496747,さわやか,【形容动词/ナ形容词】清爽，爽快,1135280,[さわやか]な秋の季節になりました。,清爽的秋天到了。,93
906,1793056,7496748,まるで,【副词】好像，就像,1136837,[まるで]ヨーロッパの町並みを見ているようです。,真像是看欧洲的街道。,93
907,1793057,7496749,沖縄,【名词】冲绳,10054358,[沖縄]の海を見たいです。,想看冲绳的海。,93
908,1793058,7496750,いかにも,【副词】实在；的确,1136838,[いかにも]上海らしい所です。,的确是最能代表上海的地方。,93
909,1793059,7496751,下見,【名・他动词・サ变/三类】提前勘察,10176839,試験場の[下見],提前看一下试场,93
910,1793060,7496752,スタッフ,【名词】职员，同事,1135457,社長がおっしゃていた[スタッフ]のけんですが、,关于社长提到的员工的这事……,93
911,1793061,7484694,お子さん,【名词】您的孩子,1135286,[お子さん]はおいくつですか。,您孩子几岁了？,94
912,1793062,7496753,チェックイン,【自动词・サ变/三类】【英】check in；办理入住手续,1135287,まずホテルに[チェックイン]しますか。,先办理入住吗？,94
913,1793063,7496754,直行,【自动词・サ变/三类】直接去，直达,1135288,事務所へ[直行]しようか。,直接去事务所吗？,94
914,1793064,7496755,召し上がる,【他动词・五段/一类】【尊】吃，喝,1135289,何を[召し上がり]ますか。,您吃什么？,94
915,1793065,7496756,ご覧になる,【他动词・五段/一类】【尊】看，读,1135290,もうその資料を[ご覧になり]ましたか。,那资料您已经看了吗？,94
916,1793066,7496757,いらっしゃる,【自动词・五段/一类】【尊】去，来，在,1136839,先ほど戻って[いらっしゃい]ました。,刚才已经回来了。,94
917,1793067,7496758,おっしゃる,【自动词・五段/一类】【尊】说，讲,1135292,木村部長、何時に戻るって[おっしゃい]ましたか。,木村部长说他几点回来？,94
918,1793068,7496759,なさる,【他动词・五段/一类】【尊】做，干,1135293,まずホテルにチェックイン[なさい]ますか。,先办理入住吗？,94
919,1793069,8513913,くださる,【他动词・五段/一类】【尊】给,1135294,あれは日中商事の社長が[くださった]絵です。,那是日中商事的社长送的画。,94
920,1793070,7447462,先ほど,【副词】刚才，方才,1136840,[先ほど]戻っていらっしゃいました。,刚才已经回来了呀。,95
921,1793071,7496761,明日,【名词】明天,1135296,[明日]の朝の便で、東京に戻られる予定です。,预定坐明天早上的航班回东京。,95
922,1793072,7431918,この度,【名词】这次，这回,1135297,[この度]は、突然お手紙を差し上げ、失礼いたしました。,这次突然给您寄了信，失礼之处请多见谅。,95
923,1793073,7496762,私,【代词】我,1135298,[私]、李秀麗と申します。,我叫李秀丽。,95
924,1793074,7496763,私ども,【代词】我们,1135299,実は、[私ども]では、これから新商品の開発を進めていく予定なんです。,其实我们正计划开发新产品。,95
925,1793075,7496764,社,【名词】公司,1135300,3[社]が一つになります。,三社合一。,95
926,1793076,7499774,者,【名词】人，……的人,1137928,私は北海道から来た[者]です。,我是从北海道来的人。,95
927,1793077,7431788,弊社,【名词】敝公司,1135302,[弊社]は創業以来30年になります。,敝社创立以来已经三十年。,95
928,1793078,7496766,新車,【名词】新车,1135303,それは私の[新車]です。,那是我的新车。,95
929,1793079,7496767,指導,【名・他动词・サ变/三类】指教，指导,1890828,今回は経験者が[指導]に当たるため、仕事は順調に進んでいる。 ,这次因为有丰富经验的人担任指导，工作进行得相当顺利。,96
930,1793080,7496768,おいでになる,【他动词・五段/一类】【尊】去，来，在,1136841,この次[おいでになる]ときは、あらかじめお電話をください。,您下次再来的时候请先来个电话。,96
931,1793081,7496769,昨日,【名词】昨天,1135305,これは[昨日]の新聞です。,这是昨天的报纸。,96
932,1793082,7496770,明日,【名词】明天,1135306,[明日]の午後、お伺いします。,明天下午，我去拜访。,96
933,1793083,7496771,傷,【名词】瑕疵；创伤,1135307,茶わんに[傷]があります。,茶碗有瑕疵。,96
934,1793084,7496772,おつり,【名词】找的零钱,1136842,[おつり]を受け取りました。,收到找零。,96
935,1793085,7458744,応接室,【名词】会客室,1135309,[応接室]の内装は豪華です。,会客室的装修很豪华。,96
936,1793086,7496773,案内状,【名词】通知，请帖,1136843,[案内状]を出して客を招待します。,寄请帖请客。,96
937,1793087,7496774,入学案内,【名词】入学指南,1135311,[入学案内]を持って大学に出頭します。,带着入学指南到学校报到。,96
938,1798022,7176418,ただ今,【副词】这会儿，方才；马上，立刻,987167,[ただ今]お持ちします。,马上来拿。,97
939,1793088,7496775,貴重,【形容动词/ナ形容词】贵重,1135312,これは非常に[貴重]な歴史資料です。,这是一份非常贵重的历史资料。,97
940,1793089,7496776,少々,【副词】稍稍，一点儿,1135313,[少々]のことで争う必要はありません。,为一点事情没有必要争吵。,97
941,1793091,7496778,突然,【副词・形容动词/ナ形容词】突然,1136844,彼は[突然]やってきました。,他突然来了。,97
942,1793092,7496779,実は,【副词】其实，实际上,1135316,[実は]、私どもでは、これから新商品の開発を進めていく予定です。,其实我们正计划开发新产品。,97
943,1793093,7496780,進める,【他动词・一段/二类】推进，使前进,1136845,順を追って一歩一歩[進め]ます。,循序渐进。,97
944,1793094,7520447,期待,【名・他动词・サ变/三类】期待，期望，指望,1159466,みなさんの進歩を[期待]している。,期待着大家的进步。,97
945,1793095,7496782,世話,【名・他动词・サ变/三类】帮忙，帮助；照料，照顾,1135319,お[世話]になりました。,承蒙关照。,97
946,1793096,7496783,おる,【自动词・五段/一类】【谦】在,1135320,明日なら午後はずっと社に[おり]ますが…,明天的话，下午一直在公司。,97
947,1793097,7496784,いたす,【他动词・五段/一类】【谦】做，干,1135321,承知[いたし]ました。,知道了。,98
948,1793098,7496785,参る,【自动词・五段/一类】【谦】来，去,1135322,中国の北京から[参り]ました。,我从北京来。,98
949,1793099,7496786,いただく,【他动词・五段/一类】【谦】吃，喝；得到,10179293,遠慮なく[いただきます]。,那我就不客气开始吃了。,98
950,1793100,7496787,伺う,【他动词・五段/一类】【谦】去；来；问；拜访；请教,1135324,明日の午後、お[伺い]します。,明天下午，我去拜访。,98
951,1793101,7496788,差し上げる,【他动词・一段/二类】【谦】给,1135325,何らかの報酬を[さしあげ]ます。,多少要给你点报酬。,98
952,1793102,7496789,存じる,【自动词・一段/二类】【谦】知道,1135326,よく[存じて]おります。,我很清楚。,98
953,1793103,7496790,拝見,【名・他动词・サ变/三类】【谦】看,1135327,これをちょっと[拝見]させてください。,请让我看看这个。,98
954,1793104,7496791,承知,【名・他动词・サ变/三类】【谦】知道,1135328,[承知]いたしました。,知道了。,98
955,1793105,10182691,ござる,【自动词・五段/一类】「ある」「いる」｢来る｣「行く」的尊敬语；「ある」「いる」的礼貌语；（食物）腐烂；补助动词「ある」的尊敬语。,10130607,さようで[ございます]。,是那样的。,98
